-- phpMyAdmin SQL Dump
-- version 5.2.1
-- https://www.phpmyadmin.net/
--
-- Host: 127.0.0.1:3306
-- Generation Time: Jan 16, 2025 at 10:32 PM
-- Server version: 8.0.40
-- PHP Version: 8.3.14

SET SQL_MODE = "NO_AUTO_VALUE_ON_ZERO";
START TRANSACTION;
SET time_zone = "+00:00";


/*!40101 SET @OLD_CHARACTER_SET_CLIENT=@@CHARACTER_SET_CLIENT */;
/*!40101 SET @OLD_CHARACTER_SET_RESULTS=@@CHARACTER_SET_RESULTS */;
/*!40101 SET @OLD_COLLATION_CONNECTION=@@COLLATION_CONNECTION */;
/*!40101 SET NAMES utf8mb4 */;

--
-- Database: `floatastic`
--

-- --------------------------------------------------------

--
-- Table structure for table `def_indexes`
--

DROP TABLE IF EXISTS `def_indexes`;
CREATE TABLE IF NOT EXISTS `def_indexes` (
  `id` int NOT NULL AUTO_INCREMENT,
  `def_index` int NOT NULL,
  `name` varchar(255) NOT NULL,
  PRIMARY KEY (`id`)
) ENGINE=InnoDB AUTO_INCREMENT=57 DEFAULT CHARSET=utf8mb4 COLLATE=utf8mb4_0900_ai_ci;

--
-- Dumping data for table `def_indexes`
--

INSERT INTO `def_indexes` (`id`, `def_index`, `name`) VALUES
(1, 519, 'Ursus Knife'),
(2, 7, 'AK-47'),
(3, 514, 'Bowie Knife'),
(4, 9, 'AWP'),
(5, 5030, 'Sport Gloves'),
(6, 507, 'Karambit'),
(7, 515, 'Butterfly Knife'),
(8, 16, 'M4A4'),
(9, 506, 'Gut Knife'),
(10, 500, 'Bayonet'),
(11, 508, 'M9 Bayonet'),
(12, 5034, 'Specialist Gloves'),
(13, 4, 'Glock-18'),
(14, 520, 'Navaja Knife'),
(15, 526, 'Kukri Knife'),
(16, 5031, 'Driver Gloves'),
(17, 503, 'Classic Knife'),
(18, 505, 'Flip Knife'),
(19, 509, 'Huntsman Knife'),
(20, 518, 'Survival Knife'),
(21, 522, 'Stiletto Knife'),
(22, 523, 'Talon Knife'),
(23, 60, 'M4A1-S'),
(24, 27, 'MAG-7'),
(25, 5035, 'Hydra Gloves'),
(26, 5033, 'Moto Gloves'),
(27, 521, 'Nomad Knife'),
(28, 17, 'MAC-10'),
(29, 8, 'AUG'),
(30, 1, 'Desert Eagle'),
(31, 63, 'CZ75-Auto'),
(32, 61, 'USP-S'),
(33, 3, 'Five-SeveN'),
(34, 13, 'Galil AR'),
(35, 25, 'XM1014'),
(36, 516, 'Shadow Daggers'),
(37, 525, 'Skeleton Knife'),
(38, 512, 'Falchion Knife'),
(39, 39, 'SG 553'),
(40, 30, 'Tec-9'),
(41, 10, 'FAMAS'),
(42, 19, 'P90'),
(43, 24, 'UMP-45'),
(44, 34, 'MP9'),
(45, 36, 'P250'),
(46, 11, 'G3SG1'),
(47, 5032, 'Hand Wraps'),
(48, 40, 'SSG 08'),
(49, 517, 'Paracord Knife'),
(50, 26, 'PP-Bizon'),
(51, 4725, 'Broken Fang Gloves'),
(52, 33, 'MP7'),
(53, 38, 'SCAR-20'),
(54, 23, 'MP5-SD'),
(55, 35, 'Nova'),
(56, 32, 'P2000');

-- --------------------------------------------------------

--
-- Table structure for table `indexes_map`
--

DROP TABLE IF EXISTS `indexes_map`;
CREATE TABLE IF NOT EXISTS `indexes_map` (
  `id` int NOT NULL,
  `def_index_id` int NOT NULL,
  `paint_index_id` int NOT NULL,
  KEY `def_index_id` (`def_index_id`),
  KEY `paint_index_id` (`paint_index_id`)
) ENGINE=InnoDB DEFAULT CHARSET=utf8mb4 COLLATE=utf8mb4_0900_ai_ci;

-- --------------------------------------------------------

--
-- Table structure for table `paint_indexes`
--

DROP TABLE IF EXISTS `paint_indexes`;
CREATE TABLE IF NOT EXISTS `paint_indexes` (
  `id` int NOT NULL AUTO_INCREMENT,
  `paint_index` int NOT NULL,
  `name` varchar(255) NOT NULL,
  PRIMARY KEY (`id`)
) ENGINE=InnoDB AUTO_INCREMENT=1112 DEFAULT CHARSET=utf8mb4 COLLATE=utf8mb4_0900_ai_ci;

--
-- Dumping data for table `paint_indexes`
--

INSERT INTO `paint_indexes` (`id`, `paint_index`, `name`) VALUES
(1, 2, 'Groundwater'),
(2, 3, 'Candy Apple'),
(3, 5, 'Forest DDPAT'),
(4, 6, 'Arctic Camo'),
(5, 8, 'Desert Storm'),
(6, 9, 'Bengal Tiger'),
(7, 10, 'Copperhead'),
(8, 11, 'Skulls'),
(9, 12, 'Crimson Web'),
(10, 13, 'Blue Streak'),
(11, 14, 'Red Laminate'),
(12, 15, 'Gunsmoke'),
(13, 16, 'Jungle Tiger'),
(14, 17, 'Urban DDPAT'),
(15, 20, 'Virus'),
(16, 21, 'Granite Marbleized'),
(17, 22, 'Contrast Spray'),
(18, 25, 'Forest Leaves'),
(19, 26, 'Lichen Dashed'),
(20, 27, 'Bone Mask'),
(21, 28, 'Anodized Navy'),
(22, 30, 'Snake Camo'),
(23, 32, 'Silver'),
(24, 33, 'Hot Rod'),
(25, 34, 'Metallic DDPAT'),
(26, 36, 'Ossified'),
(27, 37, 'Blaze'),
(28, 38, 'Fade'),
(29, 39, 'Bulldozer'),
(30, 40, 'Night'),
(31, 41, 'Copper'),
(32, 42, 'Blue Steel'),
(33, 43, 'Stained'),
(34, 44, 'Case Hardened'),
(35, 46, 'Contractor'),
(36, 47, 'Colony'),
(37, 48, 'Dragon Tattoo'),
(38, 51, 'Lightning Strike'),
(39, 59, 'Slaughter'),
(40, 60, 'Dark Water'),
(41, 61, 'Hypnotic'),
(42, 62, 'Bloomstick'),
(43, 67, 'Cold Blooded'),
(44, 70, 'Carbon Fiber'),
(45, 71, 'Scorpion'),
(46, 72, 'Safari Mesh'),
(47, 73, 'Wings'),
(48, 74, 'Polar Camo'),
(49, 75, 'Blizzard Marbleized'),
(50, 76, 'Winter Forest'),
(51, 77, 'Boreal Forest'),
(52, 78, 'Forest Night'),
(53, 83, 'Orange DDPAT'),
(54, 84, 'Pink DDPAT'),
(55, 90, 'Mudder'),
(56, 92, 'Cyanospatter'),
(57, 93, 'Caramel'),
(58, 95, 'Grassland'),
(59, 96, 'Blue Spruce'),
(60, 98, 'Ultraviolet'),
(61, 99, 'Sand Dune'),
(62, 100, 'Storm'),
(63, 101, 'Tornado'),
(64, 102, 'Whiteout'),
(65, 104, 'Grassland Leaves'),
(66, 107, 'Polar Mesh'),
(67, 110, 'Condemned'),
(68, 111, 'Glacier Mesh'),
(69, 116, 'Sand Mesh'),
(70, 119, 'Sage Spray'),
(71, 122, 'Jungle Spray'),
(72, 124, 'Sand Spray'),
(73, 125, 'X-Ray'),
(74, 135, 'Urban Perforated'),
(75, 136, 'Waves Perforated'),
(76, 141, 'Orange Peel'),
(77, 143, 'Urban Masked'),
(78, 147, 'Jungle Dashed'),
(79, 148, 'Sand Dashed'),
(80, 149, 'Urban Dashed'),
(81, 151, 'Jungle'),
(82, 153, 'Demolition'),
(83, 154, 'Afterimage'),
(84, 155, 'Bullet Rain'),
(85, 156, 'Death by Kitty'),
(86, 157, 'Palm'),
(87, 158, 'Walnut'),
(88, 159, 'Brass'),
(89, 162, 'Splash'),
(90, 164, 'Modern Hunter'),
(91, 165, 'Splash Jam'),
(92, 166, 'Blaze Orange'),
(93, 167, 'Radiation Hazard'),
(94, 168, 'Nuclear Threat'),
(95, 169, 'Fallout Warning'),
(96, 170, 'Predator'),
(97, 171, 'Irradiated Alert'),
(98, 172, 'Black Laminate'),
(99, 174, 'BOOM'),
(100, 175, 'Scorched'),
(101, 176, 'Faded Zebra'),
(102, 177, 'Memento'),
(103, 178, 'Doomkitty'),
(104, 179, 'Nuclear Threat'),
(105, 180, 'Fire Serpent'),
(106, 181, 'Corticera'),
(107, 182, 'Emerald Dragon'),
(108, 183, 'Overgrowth'),
(109, 184, 'Corticera'),
(110, 185, 'Golden Koi'),
(111, 186, 'Wave Spray'),
(112, 187, 'Zirka'),
(113, 188, 'Graven'),
(114, 189, 'Bright Water'),
(115, 190, 'Black Limba'),
(116, 191, 'Tempest'),
(117, 192, 'Shattered'),
(118, 193, 'Bone Pile'),
(119, 194, 'Spitfire'),
(120, 195, 'Demeter'),
(121, 196, 'Emerald'),
(122, 197, 'Anodized Navy'),
(123, 198, 'Hazard'),
(124, 199, 'Dry Season'),
(125, 200, 'Mayan Dreams'),
(126, 201, 'Palm'),
(127, 202, 'Jungle DDPAT'),
(128, 203, 'Rust Coat'),
(129, 204, 'Mosaico'),
(130, 205, 'Jungle'),
(131, 206, 'Tornado'),
(132, 207, 'Facets'),
(133, 208, 'Sand Dune'),
(134, 209, 'Groundwater'),
(135, 210, 'Anodized Gunmetal'),
(136, 211, 'Ocean Foam'),
(137, 212, 'Graphite'),
(138, 213, 'Ocean Foam'),
(139, 214, 'Graphite'),
(140, 215, 'X-Ray'),
(141, 216, 'Blue Titanium'),
(142, 217, 'Blood Tiger'),
(143, 218, 'Hexane'),
(144, 219, 'Hive'),
(145, 220, 'Hemoglobin'),
(146, 221, 'Serum'),
(147, 222, 'Blood in the Water'),
(148, 223, 'Nightshade'),
(149, 224, 'Water Sigil'),
(150, 225, 'Ghost Camo'),
(151, 226, 'Blue Laminate'),
(152, 227, 'Electric Hive'),
(153, 228, 'Blind Spot'),
(154, 229, 'Azure Zebra'),
(155, 230, 'Steel Disruption'),
(156, 231, 'Cobalt Disruption'),
(157, 232, 'Crimson Web'),
(158, 233, 'Tropical Storm'),
(159, 234, 'Ash Wood'),
(160, 235, 'VariCamo'),
(161, 236, 'Night Ops'),
(162, 237, 'Urban Rubble'),
(163, 238, 'VariCamo Blue'),
(164, 240, 'CaliCamo'),
(165, 241, 'Hunting Blind'),
(166, 242, 'Army Mesh'),
(167, 243, 'Gator Mesh'),
(168, 244, 'Teardown'),
(169, 245, 'Army Recon'),
(170, 246, 'Amber Fade'),
(171, 247, 'Damascus Steel'),
(172, 248, 'Red Quartz'),
(173, 249, 'Cobalt Quartz'),
(174, 250, 'Full Stop'),
(175, 251, 'Pit Viper'),
(176, 252, 'Silver Quartz'),
(177, 253, 'Acid Fade'),
(178, 254, 'Nitro'),
(179, 255, 'Asiimov'),
(180, 256, 'The Kraken'),
(181, 257, 'Guardian'),
(182, 258, 'Mehndi'),
(183, 259, 'Redline'),
(184, 260, 'Pulse'),
(185, 261, 'Marina'),
(186, 262, 'Rose Iron'),
(187, 263, 'Rising Skull'),
(188, 264, 'Sandstorm'),
(189, 265, 'Kami'),
(190, 266, 'Magma'),
(191, 267, 'Cobalt Halftone'),
(192, 268, 'Tread Plate'),
(193, 269, 'The Fuschia Is Now'),
(194, 270, 'Victoria'),
(195, 271, 'Undertow'),
(196, 272, 'Titanium Bit'),
(197, 273, 'Heirloom'),
(198, 274, 'Copper Galaxy'),
(199, 275, 'Red FragCam'),
(200, 276, 'Panther'),
(201, 277, 'Stainless'),
(202, 278, 'Blue Fissure'),
(203, 279, 'Asiimov'),
(204, 280, 'Chameleon'),
(205, 281, 'Corporal'),
(206, 282, 'Redline'),
(207, 283, 'Trigon'),
(208, 284, 'Heat'),
(209, 285, 'Terrain'),
(210, 286, 'Antique'),
(211, 287, 'Pulse'),
(212, 288, 'Sergeant'),
(213, 289, 'Sandstorm'),
(214, 290, 'Guardian'),
(215, 291, 'Heaven Guard'),
(216, 293, 'Death Rattle'),
(217, 294, 'Green Apple'),
(218, 295, 'Franklin'),
(219, 296, 'Meteorite'),
(220, 297, 'Tuxedo'),
(221, 298, 'Army Sheen'),
(222, 299, 'Caged Steel'),
(223, 300, 'Emerald Pinstripe'),
(224, 301, 'Atomic Alloy'),
(225, 302, 'Vulcan'),
(226, 303, 'Isaac'),
(227, 304, 'Slashed'),
(228, 305, 'Torque'),
(229, 306, 'Antique'),
(230, 307, 'Retribution'),
(231, 308, 'Kami'),
(232, 309, 'Howl'),
(233, 310, 'Curse'),
(234, 311, 'Desert Warfare'),
(235, 312, 'Cyrex'),
(236, 313, 'Orion'),
(237, 314, 'Heaven Guard'),
(238, 315, 'Poison Dart'),
(239, 316, 'Jaguar'),
(240, 317, 'Bratatat'),
(241, 318, 'Road Rash'),
(242, 319, 'Detour'),
(243, 320, 'Red Python'),
(244, 321, 'Master Piece'),
(245, 322, 'Nitro'),
(246, 323, 'Rust Coat'),
(247, 325, 'Chalice'),
(248, 326, 'Knight'),
(249, 327, 'Chainmail'),
(250, 328, 'Hand Cannon'),
(251, 329, 'Dark Age'),
(252, 330, 'Briar'),
(253, 332, 'Royal Blue'),
(254, 333, 'Indigo'),
(255, 334, 'Twist'),
(256, 335, 'Module'),
(257, 336, 'Desert-Strike'),
(258, 337, 'Tatter'),
(259, 338, 'Pulse'),
(260, 339, 'Caiman'),
(261, 340, 'Jet Set'),
(262, 341, 'First Class'),
(263, 342, 'Leather'),
(264, 343, 'Commuter'),
(265, 344, 'Dragon Lore'),
(266, 345, 'First Class'),
(267, 346, 'Coach Class'),
(268, 347, 'Pilot'),
(269, 348, 'Red Leather'),
(270, 349, 'Osiris'),
(271, 350, 'Tigris'),
(272, 351, 'Conspiracy'),
(273, 352, 'Fowl Play'),
(274, 353, 'Water Elemental'),
(275, 354, 'Urban Hazard'),
(276, 355, 'Desert-Strike'),
(277, 356, 'Koi'),
(278, 357, 'Ivory'),
(279, 358, 'Supernova'),
(280, 359, 'Asiimov'),
(281, 360, 'Cyrex'),
(282, 361, 'Abyss'),
(283, 362, 'Labyrinth'),
(284, 363, 'Traveler'),
(285, 364, 'Business Class'),
(286, 365, 'Olive Plaid'),
(287, 366, 'Green Plaid'),
(288, 367, 'Reactor'),
(289, 368, 'Setting Sun'),
(290, 369, 'Nuclear Waste'),
(291, 370, 'Bone Machine'),
(292, 371, 'Styx'),
(293, 372, 'Nuclear Garden'),
(294, 373, 'Contamination'),
(295, 374, 'Toxic'),
(296, 375, 'Radiation Hazard'),
(297, 376, 'Chemical Green'),
(298, 377, 'Hot Shot'),
(299, 378, 'Fallout Warning'),
(300, 379, 'Cerberus'),
(301, 380, 'Wasteland Rebel'),
(302, 381, 'Grinder'),
(303, 382, 'Murky'),
(304, 383, 'Basilisk'),
(305, 384, 'Griffin'),
(306, 385, 'Firestarter'),
(307, 386, 'Dart'),
(308, 387, 'Urban Hazard'),
(309, 388, 'Cartel'),
(310, 389, 'Fire Elemental'),
(311, 390, 'Highwayman'),
(312, 391, 'Cardiac'),
(313, 392, 'Delusion'),
(314, 393, 'Tranquility'),
(315, 394, 'Cartel'),
(316, 395, 'Man-o\'-war'),
(317, 396, 'Urban Shock'),
(318, 397, 'Naga'),
(319, 398, 'Chatterbox'),
(320, 399, 'Catacombs'),
(321, 400, '龍王 (Dragon King)'),
(322, 401, 'System Lock'),
(323, 402, 'Malachite'),
(324, 403, 'Deadly Poison'),
(325, 404, 'Muertos'),
(326, 405, 'Serenity'),
(327, 406, 'Grotto'),
(328, 407, 'Quicksilver'),
(329, 409, 'Tiger Tooth'),
(330, 410, 'Damascus Steel'),
(331, 411, 'Damascus Steel'),
(332, 413, 'Marble Fade'),
(333, 414, 'Rust Coat'),
(334, 415, 'Doppler'),
(335, 416, 'Doppler'),
(336, 417, 'Doppler'),
(337, 418, 'Doppler'),
(338, 419, 'Doppler'),
(339, 420, 'Doppler'),
(340, 421, 'Doppler'),
(341, 422, 'Elite Build'),
(342, 423, 'Armor Core'),
(343, 424, 'Worm God'),
(344, 425, 'Bronze Deco'),
(345, 426, 'Valence'),
(346, 427, 'Monkey Business'),
(347, 428, 'Eco'),
(348, 429, 'Djinn'),
(349, 430, 'Hyper Beast'),
(350, 431, 'Heat'),
(351, 432, 'Man-o\'-war'),
(352, 433, 'Neon Rider'),
(353, 434, 'Origami'),
(354, 435, 'Pole Position'),
(355, 436, 'Grand Prix'),
(356, 437, 'Twilight Galaxy'),
(357, 438, 'Chronos'),
(358, 439, 'Hades'),
(359, 440, 'Icarus Fell'),
(360, 441, 'Minotaur\'s Labyrinth'),
(361, 442, 'Asterion'),
(362, 443, 'Pathfinder'),
(363, 444, 'Daedalus'),
(364, 445, 'Hot Rod'),
(365, 446, 'Medusa'),
(366, 447, 'Duelist'),
(367, 448, 'Pandora\'s Box'),
(368, 449, 'Poseidon'),
(369, 450, 'Moon in Libra'),
(370, 451, 'Sun in Leo'),
(371, 452, 'Shipping Forecast'),
(372, 453, 'Emerald'),
(373, 454, 'Para Green'),
(374, 455, 'Akihabara Accept'),
(375, 456, 'Hydroponic'),
(376, 457, 'Bamboo Print'),
(377, 458, 'Bamboo Shadow'),
(378, 459, 'Bamboo Forest'),
(379, 460, 'Aqua Terrace'),
(380, 462, 'Counter Terrace'),
(381, 463, 'Terrace'),
(382, 464, 'Neon Kimono'),
(383, 465, 'Orange Kimono'),
(384, 466, 'Crimson Kimono'),
(385, 467, 'Mint Kimono'),
(386, 468, 'Midnight Storm'),
(387, 469, 'Sunset Storm 壱'),
(388, 470, 'Sunset Storm 弐'),
(389, 471, 'Daybreak'),
(390, 472, 'Impact Drill'),
(391, 473, 'Seabird'),
(392, 474, 'Aquamarine Revenge'),
(393, 475, 'Hyper Beast'),
(394, 476, 'Yellow Jacket'),
(395, 477, 'Neural Net'),
(396, 478, 'Rocket Pop'),
(397, 479, 'Bunsen Burner'),
(398, 480, 'Evil Daimyo'),
(399, 481, 'Nemesis'),
(400, 482, 'Ruby Poison Dart'),
(401, 483, 'Loudmouth'),
(402, 484, 'Ranger'),
(403, 485, 'Handgun'),
(404, 486, 'Elite Build'),
(405, 487, 'Cyrex'),
(406, 488, 'Riot'),
(407, 489, 'Torque'),
(408, 490, 'Frontside Misty'),
(409, 491, 'Dualing Dragons'),
(410, 492, 'Survivor Z'),
(411, 493, 'Flux'),
(412, 494, 'Stone Cold'),
(413, 495, 'Wraiths'),
(414, 496, 'Nebula Crusader'),
(415, 497, 'Golden Coil'),
(416, 498, 'Rangeen'),
(417, 499, 'Cobalt Core'),
(418, 500, 'Special Delivery'),
(419, 501, 'Wingshot'),
(420, 502, 'Green Marine'),
(421, 503, 'Big Iron'),
(422, 504, 'Kill Confirmed'),
(423, 505, 'Scumbria'),
(424, 506, 'Point Disarray'),
(425, 507, 'Ricochet'),
(426, 508, 'Fuel Rod'),
(427, 509, 'Corinthian'),
(428, 510, 'Retrobution'),
(429, 511, 'The Executioner'),
(430, 512, 'Royal Paladin'),
(431, 514, 'Power Loader'),
(432, 515, 'Imperial'),
(433, 516, 'Shapewood'),
(434, 517, 'Yorick'),
(435, 518, 'Outbreak'),
(436, 519, 'Tiger Moth'),
(437, 520, 'Avalanche'),
(438, 521, 'Teclu Burner'),
(439, 522, 'Fade'),
(440, 523, 'Amber Fade'),
(441, 524, 'Fuel Injector'),
(442, 525, 'Elite Build'),
(443, 526, 'Photic Zone'),
(444, 527, 'Kumicho Dragon'),
(445, 528, 'Cartel'),
(446, 529, 'Valence'),
(447, 530, 'Triumvirate'),
(448, 532, 'Royal Legion'),
(449, 533, 'The Battlestar'),
(450, 534, 'Lapis Gator'),
(451, 535, 'Praetorian'),
(452, 536, 'Impire'),
(453, 537, 'Hyper Beast'),
(454, 538, 'Necropos'),
(455, 539, 'Jambiya'),
(456, 540, 'Lead Conduit'),
(457, 541, 'Fleet Flock'),
(458, 542, 'Judgement of Anubis'),
(459, 543, 'Red Astor'),
(460, 544, 'Ventilators'),
(461, 545, 'Orange Crash'),
(462, 546, 'Firefight'),
(463, 547, 'Spectre'),
(464, 548, 'Chantico\'s Fire'),
(465, 549, 'Bioleak'),
(466, 550, 'Oceanic'),
(467, 551, 'Asiimov'),
(468, 552, 'Fubar'),
(469, 553, 'Atlas'),
(470, 554, 'Ghost Crusader'),
(471, 555, 'Re-Entry'),
(472, 556, 'Primal Saber'),
(473, 557, 'Black Tie'),
(474, 558, 'Lore'),
(475, 559, 'Lore'),
(476, 560, 'Lore'),
(477, 561, 'Lore'),
(478, 562, 'Lore'),
(479, 563, 'Black Laminate'),
(480, 564, 'Black Laminate'),
(481, 565, 'Black Laminate'),
(482, 566, 'Black Laminate'),
(483, 567, 'Black Laminate'),
(484, 568, 'Gamma Doppler Emerald Marble'),
(485, 569, 'Gamma Doppler Phase 1'),
(486, 570, 'Gamma Doppler Phase 2'),
(487, 571, 'Gamma Doppler Phase 3'),
(488, 572, 'Gamma Doppler Phase 4'),
(489, 573, 'Autotronic'),
(490, 574, 'Autotronic'),
(491, 575, 'Autotronic'),
(492, 576, 'Autotronic'),
(493, 577, 'Autotronic'),
(494, 578, 'Bright Water'),
(495, 579, 'Bright Water'),
(496, 580, 'Freehand'),
(497, 581, 'Freehand'),
(498, 582, 'Freehand'),
(499, 583, 'Aristocrat'),
(500, 584, 'Phobos'),
(501, 585, 'Violent Daimyo'),
(502, 586, 'Wasteland Rebel'),
(503, 587, 'Mecha Industries'),
(504, 588, 'Desolate Space'),
(505, 589, 'Carnivore'),
(506, 590, 'Exo'),
(507, 591, 'Imperial Dragon'),
(508, 592, 'Iron Clad'),
(509, 593, 'Chopper'),
(510, 594, 'Harvester'),
(511, 595, 'Reboot'),
(512, 596, 'Limelight'),
(513, 597, 'Bloodsport'),
(514, 598, 'Aerial'),
(515, 599, 'Ice Cap'),
(516, 600, 'Neon Revolution'),
(517, 601, 'Syd Mead'),
(518, 602, 'Imprint'),
(519, 603, 'Directive'),
(520, 604, 'Roll Cage'),
(521, 605, 'Scumbria'),
(522, 606, 'Ventilator'),
(523, 607, 'Weasel'),
(524, 608, 'Petroglyph'),
(525, 609, 'Airlock'),
(526, 610, 'Dazzle'),
(527, 611, 'Grim'),
(528, 612, 'Powercore'),
(529, 613, 'Triarch'),
(530, 614, 'Fuel Injector'),
(531, 615, 'Briefing'),
(532, 616, 'Slipstream'),
(533, 617, 'Doppler'),
(534, 618, 'Doppler'),
(535, 619, 'Doppler'),
(536, 620, 'Ultraviolet'),
(537, 621, 'Ultraviolet'),
(538, 622, 'Polymer'),
(539, 623, 'Ironwork'),
(540, 624, 'Dragonfire'),
(541, 625, 'Royal Consorts'),
(542, 626, 'Mecha Industries'),
(543, 627, 'Cirrus'),
(544, 628, 'Stinger'),
(545, 629, 'Black Sand'),
(546, 630, 'Sand Scale'),
(547, 631, 'Flashback'),
(548, 632, 'Buzz Kill'),
(549, 633, 'Sonar'),
(550, 634, 'Gila'),
(551, 635, 'Turf'),
(552, 636, 'Shallow Grave'),
(553, 637, 'Cyrex'),
(554, 638, 'Wasteland Princess'),
(555, 639, 'Bloodsport'),
(556, 640, 'Fever Dream'),
(557, 641, 'Jungle Slipstream'),
(558, 642, 'Blueprint'),
(559, 643, 'Xiangliu'),
(560, 644, 'Decimator'),
(561, 645, 'Oxide Blaze'),
(562, 646, 'Capillary'),
(563, 647, 'Crimson Tsunami'),
(564, 648, 'Emerald Poison Dart'),
(565, 649, 'Akoben'),
(566, 650, 'Ripple'),
(567, 651, 'Last Dive'),
(568, 652, 'Scaffold'),
(569, 653, 'Neo-Noir'),
(570, 654, 'Seasons'),
(571, 655, 'Zander'),
(572, 656, 'Orbit Mk01'),
(573, 657, 'Blueprint'),
(574, 658, 'Cobra Strike'),
(575, 659, 'Macabre'),
(576, 660, 'Hyper Beast'),
(577, 661, 'Sugar Rush'),
(578, 662, 'Oni Taiji'),
(579, 663, 'Briefing'),
(580, 664, 'Hellfire'),
(581, 665, 'Aloha'),
(582, 666, 'Hard Water'),
(583, 667, 'Woodsman'),
(584, 668, 'Red Rock'),
(585, 669, 'Death Grip'),
(586, 670, 'Death\'s Head'),
(587, 671, 'Cut Out'),
(588, 672, 'Metal Flowers'),
(589, 673, 'Morris'),
(590, 674, 'Triqua'),
(591, 675, 'The Empress'),
(592, 676, 'High Roller'),
(593, 677, 'Hunter'),
(594, 678, 'See Ya Later'),
(595, 679, 'Goo'),
(596, 680, 'Off World'),
(597, 681, 'Leaded Glass'),
(598, 682, 'Oceanic'),
(599, 683, 'Llama Cannon'),
(600, 684, 'Cracked Opal'),
(601, 685, 'Jungle Slipstream'),
(602, 686, 'Phantom'),
(603, 687, 'Tacticat'),
(604, 688, 'Exposure'),
(605, 689, 'Ziggy'),
(606, 690, 'Stymphalian'),
(607, 691, 'Mortis'),
(608, 692, 'Night Riot'),
(609, 693, 'Flame Test'),
(610, 694, 'Moonrise'),
(611, 695, 'Neo-Noir'),
(612, 696, 'Bloodsport'),
(613, 697, 'Black Sand'),
(614, 698, 'Lionfish'),
(615, 699, 'Wild Six'),
(616, 700, 'Urban Hazard'),
(617, 701, 'Grip'),
(618, 702, 'Aloha'),
(619, 703, 'SWAG-7'),
(620, 704, 'Arctic Wolf'),
(621, 705, 'Cortex'),
(622, 706, 'Oxide Blaze'),
(623, 707, 'Neon Rider'),
(624, 708, 'Amber Slipstream'),
(625, 709, 'Eco'),
(626, 710, 'Shred'),
(627, 711, 'Code Red'),
(628, 712, 'High Seas'),
(629, 713, 'Warhawk'),
(630, 714, 'Nightmare'),
(631, 715, 'Capillary'),
(632, 716, 'Toy Soldier'),
(633, 717, 'Traction'),
(634, 718, 'PAW'),
(635, 719, 'Powercore'),
(636, 720, 'Devourer'),
(637, 721, 'Survivalist'),
(638, 722, 'Snek-9'),
(639, 723, 'Eye of Athena'),
(640, 724, 'Wild Lotus'),
(641, 725, 'Day Lily'),
(642, 726, 'Sunset Lily'),
(643, 727, 'Midnight Lily'),
(644, 728, 'Teal Blossom'),
(645, 729, 'Crimson Blossom'),
(646, 730, 'Dark Blossom'),
(647, 731, 'Banana Leaf'),
(648, 732, 'Synth Leaf'),
(649, 733, 'Rust Leaf'),
(650, 734, 'Wild Lily'),
(651, 735, 'Night Stripe'),
(652, 736, 'The Prince'),
(653, 737, 'Cinquedea'),
(654, 738, 'Orange Murano'),
(655, 739, 'Violet Murano'),
(656, 740, 'Navy Murano'),
(657, 741, 'Dark Filigree'),
(658, 742, 'Red Filigree'),
(659, 743, 'Orange Filigree'),
(660, 744, 'Baroque Red'),
(661, 745, 'Baroque Purple'),
(662, 746, 'Baroque Orange'),
(663, 747, 'Twin Turbo'),
(664, 748, 'Calf Skin'),
(665, 749, 'Vino Primo'),
(666, 750, 'Integrale'),
(667, 751, 'Hand Brake'),
(668, 752, 'Fade'),
(669, 753, 'Dirt Drop'),
(670, 754, 'Rust Coat'),
(671, 755, 'Slide'),
(672, 756, 'Gungnir'),
(673, 757, 'Emerald Jörmungandr'),
(674, 758, 'Flame Jörmungandr'),
(675, 759, 'Astral Jörmungandr'),
(676, 760, 'Frost Borre'),
(677, 761, 'Copper Borre'),
(678, 762, 'Red Stone'),
(679, 763, 'Mjölnir'),
(680, 764, 'Fennec Fox'),
(681, 765, 'Desert Blossom'),
(682, 775, 'Facility Sketch'),
(683, 776, 'Facility Negative'),
(684, 777, 'Facility Draft'),
(685, 778, 'Facility Dark'),
(686, 779, 'Random Access'),
(687, 780, 'Mainframe'),
(688, 781, 'Co-Processor'),
(689, 782, 'Motherboard'),
(690, 783, 'Bulkhead'),
(691, 784, 'Coolant'),
(692, 785, 'Mandrel'),
(693, 786, 'Exchanger'),
(694, 787, 'Core Breach'),
(695, 788, 'Acheron'),
(696, 789, 'Nuclear Garden'),
(697, 790, 'Cold Fusion'),
(698, 791, 'Remote Control'),
(699, 792, 'Control Panel'),
(700, 793, 'Converter'),
(701, 794, 'Sweeper'),
(702, 795, 'Safety Net'),
(703, 796, 'Check Engine'),
(704, 797, 'Brake Light'),
(705, 798, 'Nitro'),
(706, 799, 'High Beam'),
(707, 800, 'Lab Rats'),
(708, 0, 'Asiimov'),
(709, 802, 'Momentum'),
(710, 803, 'Neo-Noir'),
(711, 804, 'Modest Threat'),
(712, 805, 'Mecha Industries'),
(713, 806, 'Scavenger'),
(714, 807, 'Signal'),
(715, 808, 'Oxide Blaze'),
(716, 809, 'Wood Fired'),
(717, 810, 'Phosphor'),
(718, 811, 'Magnesium'),
(719, 812, 'Pipe Down'),
(720, 813, 'Nevermore'),
(721, 814, 'Black Sand'),
(722, 815, 'Danger Close'),
(723, 816, 'Fubar'),
(724, 817, 'Flashback'),
(725, 818, 'Purple DDPAT'),
(726, 819, 'Desert Hydra'),
(727, 820, 'Music Box'),
(728, 821, 'Elegant Vines'),
(729, 822, 'Navy Sheen'),
(730, 823, 'Sand Storm'),
(731, 824, 'Drift Wood'),
(732, 825, 'Drought'),
(733, 826, 'Sienna Damask'),
(734, 827, 'Humidor'),
(735, 828, 'Verdant Growth'),
(736, 829, 'Anolis'),
(737, 835, 'Crypsis'),
(738, 836, 'Uncharted'),
(739, 837, 'Angry Mob'),
(740, 838, 'Atheris'),
(741, 839, 'Bamboozle'),
(742, 840, 'Whitefish'),
(743, 841, 'Light Rail'),
(744, 842, 'Akoben'),
(745, 843, 'Skull Crusher'),
(746, 844, 'The Emperor'),
(747, 845, 'Momentum'),
(748, 846, 'Gauss'),
(749, 847, 'Mischief'),
(750, 848, 'Verdigris'),
(751, 849, 'Off World'),
(752, 850, 'Incinegator'),
(753, 851, 'Moonrise'),
(754, 852, 'Doppler'),
(755, 853, 'Doppler'),
(756, 854, 'Doppler'),
(757, 855, 'Doppler'),
(758, 856, 'Marble Fade'),
(759, 857, 'Damascus Steel'),
(760, 858, 'Damascus Steel'),
(761, 859, 'Emerald Quartz'),
(762, 860, 'Pyre'),
(763, 861, 'Barricade'),
(764, 862, 'Moss Quartz'),
(765, 863, 'Night Borre'),
(766, 864, 'Candy Apple'),
(767, 865, 'Stone Mosaico'),
(768, 866, 'Canal Spray'),
(769, 867, 'Stained Glass'),
(770, 868, 'Sea Calico'),
(771, 869, 'Sundown'),
(772, 870, 'Jungle Thicket'),
(773, 871, 'Surfwood'),
(774, 872, 'Bamboo Garden'),
(775, 873, 'Seabird'),
(776, 879, 'Fade'),
(777, 880, 'Parched'),
(778, 884, 'Embargo'),
(779, 885, 'Rat Rod'),
(780, 886, 'Arctic Wolf'),
(781, 887, 'Containment Breach'),
(782, 888, 'Acid Wash'),
(783, 889, 'Decimator'),
(784, 890, 'Plume'),
(785, 891, 'Black Sand'),
(786, 892, 'Memento'),
(787, 893, 'Neon Ply'),
(788, 894, 'Obsidian'),
(789, 895, 'Balance'),
(790, 896, 'Torn'),
(791, 897, 'Colony IV'),
(792, 898, 'Stalker'),
(793, 899, 'Bloodshot'),
(794, 900, 'Warbird'),
(795, 902, 'Aztec'),
(796, 903, 'Elite 1.6'),
(797, 904, 'Decommissioned'),
(798, 905, 'Flash Out'),
(799, 906, 'Buddy'),
(800, 907, 'Inferno'),
(801, 908, 'Classic Crate'),
(802, 909, 'Popdog'),
(803, 910, 'Hydra'),
(804, 911, 'Nostalgia'),
(805, 913, 'Death by Puppy'),
(806, 914, 'Assault'),
(807, 915, 'Agent'),
(808, 916, 'Plastique'),
(809, 917, 'Wildfire'),
(810, 918, 'Sacrifice'),
(811, 919, 'Commemoration'),
(812, 920, 'Boroque Sand'),
(813, 921, 'Gold Arabesque'),
(814, 922, 'Orange Anolis'),
(815, 923, 'Oxide Oasis'),
(816, 924, 'Desert Brush'),
(817, 925, 'Desert DDPAT'),
(818, 926, 'Red DDPAT'),
(819, 927, 'Spalted Wood'),
(820, 928, 'Black & Tan'),
(821, 929, 'Quick Sand'),
(822, 930, 'New Roots'),
(823, 931, 'Old Roots'),
(824, 932, 'Withered Vine'),
(825, 933, 'Midnight Palm'),
(826, 934, 'Bleached'),
(827, 935, 'Prey'),
(828, 941, 'Phantom Disruptor'),
(829, 942, 'Tom Cat'),
(830, 943, 'Capillary'),
(831, 944, 'Distressed'),
(832, 945, 'Blue Ply'),
(833, 946, 'Player Two'),
(834, 947, 'Disco Tech'),
(835, 948, 'Justice'),
(836, 949, 'Desert Strike'),
(837, 950, 'Prototype'),
(838, 951, 'Acid Etched'),
(839, 952, 'Bone Forged'),
(840, 953, 'Apocalypto'),
(841, 954, 'Enforcer'),
(842, 955, 'Darkwing'),
(843, 956, 'Fever Dream'),
(844, 957, 'Bullet Queen'),
(845, 958, 'Ultralight'),
(846, 959, 'Legion of Anubis'),
(847, 960, 'Gnarled'),
(848, 961, 'Monster Call'),
(849, 962, 'Printstream'),
(850, 963, 'Vogue'),
(851, 964, 'Brother'),
(852, 965, 'Allure'),
(853, 966, 'Ol\' Rusty'),
(854, 967, 'Mainframe 001'),
(855, 968, 'Cassette'),
(856, 969, 'Freight'),
(857, 970, 'Entombed'),
(858, 971, 'Tooth Fairy'),
(859, 972, 'Connexion'),
(860, 973, 'Runic'),
(861, 974, 'Kitbash'),
(862, 975, 'Exoskeleton'),
(863, 976, 'Vendetta'),
(864, 977, 'Cocoa Rampage'),
(865, 978, 'Dezastre'),
(866, 979, 'Fairy Tale'),
(867, 980, 'Digital Mesh'),
(868, 981, 'Vandal'),
(869, 982, 'Contaminant'),
(870, 983, 'Deep Relief'),
(871, 984, 'Printstream'),
(872, 985, 'Cyber Security'),
(873, 986, 'Condition Zero'),
(874, 987, 'Clear Polymer'),
(875, 988, 'Neo-Noir'),
(876, 989, 'Parallax'),
(877, 990, 'Gold Bismuth'),
(878, 991, 'Monster Mashup'),
(879, 992, 'The Bronze'),
(880, 993, 'Global Offensive'),
(881, 994, 'Charter'),
(882, 995, 'Surveillance'),
(883, 996, 'Threat Detected'),
(884, 997, 'Dispatch'),
(885, 998, 'Switch Board'),
(886, 999, 'Prime Conspiracy'),
(887, 1000, 'Run and Hide'),
(888, 1001, 'Welcome to the Jungle'),
(889, 1002, 'Berries And Cherries'),
(890, 1003, 'Crime Scene'),
(891, 1004, 'X-Ray'),
(892, 1005, 'Heist'),
(893, 1006, 'Night Heist'),
(894, 1007, 'Vault Heist'),
(895, 1008, 'Houndstooth'),
(896, 1009, 'Hot Snakes'),
(897, 1010, 'Phoenix Chalk'),
(898, 1011, 'Phoenix Marker'),
(899, 1012, 'Phoenix Stencil'),
(900, 1013, 'Phoenix Blacklight'),
(901, 1014, 'Clay Ambush'),
(902, 1015, 'Tiger Pit'),
(903, 1016, 'Franklin'),
(904, 1017, 'Blue Phosphor'),
(905, 1018, 'Panthera onca'),
(906, 1019, 'Panther Camo'),
(907, 1020, 'Ancient Earth'),
(908, 1021, 'Ancient Lore'),
(909, 1022, 'Lush Ruins'),
(910, 1023, 'Tall Grass'),
(911, 1024, 'Blast From the Past'),
(912, 1025, 'Gold Brick'),
(913, 1026, 'Fade'),
(914, 1027, 'Target Acquired'),
(915, 1028, 'Magna Carta'),
(916, 1029, 'Silk Tiger'),
(917, 1030, 'Bengal Tiger'),
(918, 1031, 'Ancient Visions'),
(919, 1032, 'Dusk Ruins'),
(920, 1033, 'Carved Jade'),
(921, 1034, 'Ancient Ritual'),
(922, 1035, 'Slate'),
(923, 1036, 'Circaetus'),
(924, 1037, 'Food Chain'),
(925, 1038, 'Chromatic Aberration'),
(926, 1039, 'Clear Polymer'),
(927, 1040, 'The Traitor'),
(928, 1041, 'In Living Color'),
(929, 1042, 'O.S.I.P.R.'),
(930, 1043, 'dev_texture'),
(931, 1044, 'Cyber Shell'),
(932, 1045, 'Button Masher'),
(933, 1046, 'XOXO'),
(934, 1047, 'Junk Yard'),
(935, 1048, 'Heavy Metal'),
(936, 1049, 'Oscillator'),
(937, 1050, 'Trigger Discipline'),
(938, 1051, 'Windblown'),
(939, 1052, 'Death Strike'),
(940, 1053, 'Meltdown'),
(941, 1055, 'Space Race'),
(942, 1056, 'Sputnik'),
(943, 1058, 'POP AWP'),
(944, 1059, 'Fizzy POP'),
(945, 1060, 'Spring Twilly'),
(946, 1061, 'Autumn Twilly'),
(947, 1063, 'The Coalition'),
(948, 1064, 'Syndicate'),
(949, 1065, 'Whiteout'),
(950, 1066, 'Faulty Wiring'),
(951, 1067, 'Propaganda'),
(952, 1070, 'Green Laminate'),
(953, 1071, 'CAUTION!'),
(954, 1072, 'Prism Terrace'),
(955, 1073, 'Imminent Danger'),
(956, 1074, 'Schematic'),
(957, 1075, 'Strats'),
(958, 1076, 'Framework'),
(959, 1077, 'Interlock'),
(960, 1078, 'Blue Tire'),
(961, 1079, 'Red Tire'),
(962, 1080, 'Infrastructure'),
(963, 1081, 'Digital Architect'),
(964, 1082, 'Fall Hazard'),
(965, 1083, 'Breaker Box'),
(966, 1084, 'Hazard Pay'),
(967, 1085, 'Mechanism'),
(968, 1086, 'Oil Change'),
(969, 1087, 'Leet Museo'),
(970, 1088, 'Plague'),
(971, 1089, 'BI83 Spectrum'),
(972, 1090, 'Ocean Drive'),
(973, 1091, 'Tread'),
(974, 1092, 'ZX Spectron'),
(975, 1093, 'Boost Protocol'),
(976, 1094, 'Mount Fuji'),
(977, 1095, 'Keeping Tabs'),
(978, 1096, 'Guerrilla'),
(979, 1097, 'Spider Lily'),
(980, 1098, 'Toybox'),
(981, 1099, 'Lumen'),
(982, 1100, 'Snack Attack'),
(983, 1101, 'Turbo Peek'),
(984, 1102, 'Black Lotus'),
(985, 1103, 'Watchdog'),
(986, 1104, 'Lore'),
(987, 1105, 'Lore'),
(988, 1106, 'Lore'),
(989, 1107, 'Lore'),
(990, 1108, 'Lore'),
(991, 1109, 'Black Laminate'),
(992, 1110, 'Black Laminate'),
(993, 1111, 'Black Laminate'),
(994, 1112, 'Black Laminate'),
(995, 1113, 'Black Laminate'),
(996, 1114, 'Autotronic'),
(997, 1115, 'Autotronic'),
(998, 1116, 'Autotronic'),
(999, 1117, 'Autotronic'),
(1000, 1118, 'Autotronic'),
(1001, 1119, 'Gamma Doppler'),
(1002, 1120, 'Gamma Doppler'),
(1003, 1121, 'Gamma Doppler'),
(1004, 1122, 'Gamma Doppler'),
(1005, 1123, 'Gamma Doppler'),
(1006, 1125, 'Space Cat'),
(1007, 1126, 'Melondrama'),
(1008, 1127, 'Rapid Eye Movement'),
(1009, 1128, 'Scrawl'),
(1010, 1129, 'Dream Glade'),
(1011, 1130, 'Night Terror'),
(1012, 1131, 'Ensnared'),
(1013, 1132, 'Foresight'),
(1014, 1133, 'Abyssal Apparition'),
(1015, 1134, 'Starlight Protector'),
(1016, 1135, 'Zombie Offensive'),
(1017, 1136, 'Ticket to Hell'),
(1018, 1137, 'Necro Jr.'),
(1019, 1138, 'Lifted Spirits'),
(1020, 1139, 'Poultrygeist'),
(1021, 1140, 'Spirit Board'),
(1022, 1141, 'Nightwish'),
(1023, 1142, 'Printstream'),
(1024, 1143, 'Ice Coaled'),
(1025, 1144, 'Chromatic Aberration'),
(1026, 1145, 'Crazy 8'),
(1027, 1146, 'Meow 36'),
(1028, 1147, 'Destroyer'),
(1029, 1148, 'Downtown'),
(1030, 1149, 'Poly Mag'),
(1031, 1150, 'Monkeyflage'),
(1032, 1151, 'Dragon Tech'),
(1033, 1152, 'Drop Me'),
(1034, 1153, 'Visions'),
(1035, 1154, 'Vent Rush'),
(1036, 1155, 'Kiss♥Love'),
(1037, 1156, 'Flora Carnivora'),
(1038, 1157, 'Roadblock'),
(1039, 1158, 'Winterized'),
(1040, 10006, 'Charred'),
(1041, 10007, 'Snakebite'),
(1042, 10008, 'Bronzed'),
(1043, 10009, 'Leather'),
(1044, 10010, 'Spruce DDPAT'),
(1045, 10013, 'Lunar Weave'),
(1046, 10015, 'Convoy'),
(1047, 10016, 'Crimson Weave'),
(1048, 10018, 'Superconductor'),
(1049, 10019, 'Arid'),
(1050, 10021, 'Slaughter'),
(1051, 10024, 'Eclipse'),
(1052, 10026, 'Spearmint'),
(1053, 10027, 'Boom!'),
(1054, 10028, 'Cool Mint'),
(1055, 10030, 'Forest DDPAT'),
(1056, 10033, 'Crimson Kimono'),
(1057, 10034, 'Emerald Web'),
(1058, 10035, 'Foundation'),
(1059, 10036, 'Badlands'),
(1060, 10037, 'Pandora\'s Box'),
(1061, 10038, 'Hedge Maze'),
(1062, 10039, 'Guerrilla'),
(1063, 10040, 'Diamondback'),
(1064, 10041, 'King Snake'),
(1065, 10042, 'Imperial Plaid'),
(1066, 10043, 'Overtake'),
(1067, 10044, 'Racing Green'),
(1068, 10045, 'Amphibious'),
(1069, 10046, 'Bronze Morph'),
(1070, 10047, 'Omega'),
(1071, 10048, 'Vice'),
(1072, 10049, 'POW!'),
(1073, 10050, 'Turtle'),
(1074, 10051, 'Transport'),
(1075, 10052, 'Polygon'),
(1076, 10053, 'Cobalt Skulls'),
(1077, 10054, 'Overprint'),
(1078, 10055, 'Duct Tape'),
(1079, 10056, 'Arboreal'),
(1080, 10057, 'Emerald'),
(1081, 10058, 'Mangrove'),
(1082, 10059, 'Rattler'),
(1083, 10060, 'Case Hardened'),
(1084, 10061, 'Crimson Web'),
(1085, 10062, 'Buckshot'),
(1086, 10063, 'Fade'),
(1087, 10064, 'Mogul'),
(1088, 10065, 'Marble Fade'),
(1089, 10066, 'Lt. Commander'),
(1090, 10067, 'Tiger Strike'),
(1091, 10068, 'Field Agent'),
(1092, 10069, 'Rezan the Red'),
(1093, 10070, 'Snow Leopard'),
(1094, 10071, 'Queen Jaguar'),
(1095, 10072, 'Black Tie'),
(1096, 10073, 'Slingshot'),
(1097, 10074, 'Big Game'),
(1098, 10075, 'Scarlet Shamagh'),
(1099, 10076, 'Nocts'),
(1100, 10077, 'Finish Line'),
(1101, 10078, 'Smoke Out'),
(1102, 10079, 'Blood Pressure'),
(1103, 10080, '3rd Commando Company'),
(1104, 10081, 'Desert Shamagh'),
(1105, 10082, 'Giraffe'),
(1106, 10083, 'Constrictor'),
(1107, 10084, 'CAUTION!'),
(1108, 10085, 'Jade'),
(1109, 10086, 'Yellow-banded'),
(1110, 10087, 'Needle Point'),
(1111, 10088, 'Unhinged');

-- --------------------------------------------------------

--
-- Table structure for table `skins`
--

DROP TABLE IF EXISTS `skins`;
CREATE TABLE IF NOT EXISTS `skins` (
  `id` int NOT NULL AUTO_INCREMENT,
  `name` varchar(255) NOT NULL,
  `def_index` int DEFAULT NULL,
  `paint_index` int DEFAULT NULL,
  `sticker_index` int DEFAULT NULL,
  `keychain_index` int DEFAULT NULL,
  PRIMARY KEY (`id`)
) ENGINE=InnoDB AUTO_INCREMENT=766 DEFAULT CHARSET=utf8mb4 COLLATE=utf8mb4_0900_ai_ci;

--
-- Dumping data for table `skins`
--

INSERT INTO `skins` (`id`, `name`, `def_index`, `paint_index`, `sticker_index`, `keychain_index`) VALUES
(1, 'Titan (Holo) | Katowice 2014', 1209, 0, 76, 0),
(2, 'Team LDLC.com (Holo) | Katowice 2014', 1209, 0, 62, 0),
(3, '★ Specialist Gloves | Emerald Web', 5034, 10034, 0, 0),
(4, '★ Ursus Knife | Fade', 519, 38, 0, 0),
(5, 'Vox Eminor (Holo) | Katowice 2014', 1209, 0, 80, 0),
(6, '★ Specialist Gloves | Crimson Web', 5034, 10061, 0, 0),
(7, 's1mple (Gold) | Krakow 2017', 1209, 0, 2219, 0),
(8, '★ Sport Gloves | Pandora\'s Box', 5030, 10037, 0, 0),
(9, 'AWP | CMYK', 9, 163, 0, 0),
(10, 'balblna (Gold) | Boston 2018', 1209, 0, 2893, 0),
(11, '★ Gut Knife | Doppler', 506, 416, 0, 0),
(12, '★ Butterfly Knife | Doppler', 515, 415, 0, 0),
(13, '★ M9 Bayonet | Safari Mesh', 508, 72, 0, 0),
(14, 'AK-47 | B the Monster', 7, 142, 0, 0),
(15, 'AWP | Dragon Lore', 9, 344, 0, 0),
(16, '★ Butterfly Knife | Tiger Tooth', 515, 409, 0, 0),
(17, 's1mple (Gold) | Boston 2018', 1209, 0, 2737, 0),
(18, 'LGB eSports (Holo) | Katowice 2014', 1209, 0, 64, 0),
(19, '★ Butterfly Knife | Marble Fade', 515, 413, 0, 0),
(20, 'Glock-18 | Fade', 4, 38, 0, 0),
(21, '★ Hand Wraps | Leather', 5032, 10009, 0, 0),
(22, '★ M9 Bayonet | Marble Fade', 508, 413, 0, 0),
(23, 'M4A1-S | Printstream', 60, 984, 0, 0),
(24, 'suNny (Gold) | Krakow 2017', 1209, 0, 2339, 0),
(25, '★ Skeleton Knife | Blue Steel', 525, 42, 0, 0),
(26, 'AK-47 | X-Ray', 7, 1004, 0, 0),
(27, 'iBUYPOWER | Katowice 2014', 1209, 0, 59, 0),
(28, 'AK-47 | Case Hardened', 7, 44, 0, 0),
(29, '★ Butterfly Knife | Crimson Web', 515, 12, 0, 0),
(30, 'HellRaisers (Holo) | Katowice 2014', 1209, 0, 58, 0),
(31, '★ Classic Knife | Crimson Web', 503, 12, 0, 0),
(32, '★ Kukri Knife | Safari Mesh', 526, 72, 0, 0),
(33, '★ Flip Knife | Urban Masked', 505, 143, 0, 0),
(34, '★ Navaja Knife | Safari Mesh', 520, 72, 0, 0),
(35, '★ Specialist Gloves | Crimson Kimono', 5034, 10033, 0, 0),
(36, 'AWP | Lightning Strike', 9, 51, 0, 0),
(37, '★ Bayonet | Slaughter', 500, 59, 0, 0),
(38, '★ Skeleton Knife | Case Hardened', 525, 44, 0, 0),
(39, 'M4A1-S | Hyper Beast', 60, 430, 0, 0),
(40, 'AWP | BOOM', 9, 174, 0, 0),
(41, '★ Butterfly Knife | Fade', 515, 38, 0, 0),
(42, '★ Survival Knife | Stained', 518, 43, 0, 0),
(43, '★ Ursus Knife | Crimson Web', 519, 12, 0, 0),
(44, 'AK-47 | Vulcan', 7, 302, 0, 0),
(45, '★ Butterfly Knife | Rust Coat', 515, 414, 0, 0),
(46, '★ Butterfly Knife | Freehand', 515, 581, 0, 0),
(47, '★ Kukri Knife | Fade', 526, 38, 0, 0),
(48, '★ Paracord Knife | Case Hardened', 517, 44, 0, 0),
(49, '★ Karambit | Gamma Doppler', 507, 569, 0, 0),
(50, '★ Kukri Knife | Case Hardened', 526, 44, 0, 0),
(51, '★ M9 Bayonet | Freehand', 508, 581, 0, 0),
(52, '★ M9 Bayonet | Tiger Tooth', 508, 409, 0, 0),
(53, '★ M9 Bayonet | Fade', 508, 38, 0, 0),
(54, '★ Flip Knife | Doppler', 505, 418, 0, 0),
(55, '★ M9 Bayonet | Crimson Web', 508, 12, 0, 0),
(56, 'Reason Gaming | Katowice 2014', 1209, 0, 73, 0),
(57, '★ Karambit | Marble Fade', 507, 413, 0, 0),
(58, '★ Specialist Gloves | Tiger Strike', 5034, 10067, 0, 0),
(59, '★ Butterfly Knife | Slaughter', 515, 59, 0, 0),
(60, '★ M9 Bayonet | Slaughter', 508, 59, 0, 0),
(61, 'keev (Gold) | Krakow 2017', 1209, 0, 2303, 0),
(62, '★ Nomad Knife | Fade', 521, 38, 0, 0),
(63, 'M4A1-S | Hot Rod', 60, 445, 0, 0),
(64, 'AK-47 | Hydroponic', 7, 456, 0, 0),
(65, 'AK-47 | Fire Serpent', 7, 180, 0, 0),
(66, 'AWP | Fade', 9, 1026, 0, 0),
(67, '★ M9 Bayonet | Gamma Doppler', 508, 570, 0, 0),
(68, '★ Karambit | Scorched', 507, 175, 0, 0),
(69, 'EliGE (Gold) | Boston 2018', 1209, 0, 2818, 0),
(70, '★ Butterfly Knife | Bright Water', 515, 579, 0, 0),
(71, 'MAC-10 | Case Hardened', 17, 44, 0, 0),
(72, 'MAJ3R (Gold) | London 2018', 1209, 0, 3244, 0),
(73, 'mousesports (Holo) | Katowice 2014', 1209, 0, 66, 0),
(74, 'Desert Eagle | Heat Treated', 1, 1054, 0, 0),
(75, 'M4A1-S | Imminent Danger', 60, 1073, 0, 0),
(76, '★ Skeleton Knife | Slaughter', 525, 59, 0, 0),
(77, '★ Sport Gloves | Nocts', 5030, 10076, 0, 0),
(78, '★ Kukri Knife | Slaughter', 526, 59, 0, 0),
(79, '★ Driver Gloves | Racing Green', 5031, 10044, 0, 0),
(80, '★ Bayonet | Marble Fade', 500, 413, 0, 0),
(81, '★ Huntsman Knife | Lore', 509, 1107, 0, 0),
(82, 'Ninjas in Pyjamas (Holo) | Katowice 2014', 1209, 0, 72, 0),
(83, 'MAC-10 | Copper Borre', 17, 761, 0, 0),
(84, '★ Kukri Knife | Blue Steel', 526, 42, 0, 0),
(85, 'M4A1-S | Dark Water', 60, 60, 0, 0),
(86, '★ Classic Knife | Fade', 503, 38, 0, 0),
(87, 'Krakow 2017 Cobblestone Souvenir Package', 4398, 0, 0, 0),
(88, 'LoveYY (Gold) | Boston 2018', 1209, 0, 2951, 0),
(89, 'M4A1-S | Icarus Fell', 60, 440, 0, 0),
(90, 'M4A4 | Modern Hunter', 16, 164, 0, 0),
(91, '★ Bayonet | Tiger Tooth', 500, 409, 0, 0),
(92, 'M4A1-S | Blue Phosphor', 60, 1017, 0, 0),
(93, 'AWP | Hyper Beast', 9, 475, 0, 0),
(94, '★ Moto Gloves | Spearmint', 5033, 10026, 0, 0),
(95, 'Galil AR | Phoenix Blacklight', 13, 1013, 0, 0),
(96, '★ Flip Knife | Fade', 505, 38, 0, 0),
(97, '★ Sport Gloves | Superconductor', 5030, 10018, 0, 0),
(98, '★ Talon Knife | Blue Steel', 523, 42, 0, 0),
(99, '★ Karambit | Case Hardened', 507, 44, 0, 0),
(100, 'electronic (Gold) | Boston 2018', 1209, 0, 2731, 0),
(101, 'Team Dignitas | Katowice 2014', 1209, 0, 52, 0),
(102, '★ Hydra Gloves | Case Hardened', 5035, 10060, 0, 0),
(103, '★ Flip Knife | Marble Fade', 505, 413, 0, 0),
(104, 'shroud (Gold) | Krakow 2017', 1209, 0, 2321, 0),
(105, 'innocent (Gold) | Krakow 2017', 1209, 0, 2333, 0),
(106, 'Desert Eagle | Blaze', 1, 37, 0, 0),
(107, '★ Talon Knife | Slaughter', 523, 59, 0, 0),
(108, '★ Talon Knife | Marble Fade', 523, 856, 0, 0),
(109, '★ Butterfly Knife | Damascus Steel', 515, 411, 0, 0),
(110, 'AWP | Redline', 9, 259, 0, 0),
(111, 'AWP | Wildfire', 9, 917, 0, 0),
(112, 'mou (Gold) | Boston 2018', 1209, 0, 2575, 0),
(113, '★ Specialist Gloves | Fade', 5034, 10063, 0, 0),
(114, '★ Karambit | Black Laminate', 507, 566, 0, 0),
(115, 'AK-47 | Frontside Misty', 7, 490, 0, 0),
(116, 'Zeus x27 | Olympus', 31, 1172, 0, 0),
(117, '★ Skeleton Knife | Fade', 525, 38, 0, 0),
(118, 'cajunb (Foil) | Atlanta 2017', 1209, 0, 1974, 0),
(119, 'Desert Eagle | Hand Cannon', 1, 328, 0, 0),
(120, 'Glock-18 | Dragon Tattoo', 4, 48, 0, 0),
(121, 'M249 | Gator Mesh', 14, 243, 0, 0),
(122, '★ Sport Gloves | Slingshot', 5030, 10073, 0, 0),
(123, 'chopper (Gold) | Krakow 2017', 1209, 0, 2375, 0),
(124, 'P90 | Astral Jörmungandr', 19, 759, 0, 0),
(125, 'Baby Karat T', 1355, 0, 0, 30),
(126, 'Desert Eagle | Emerald Jörmungandr', 1, 757, 0, 0),
(127, '★ Kukri Knife | Crimson Web', 526, 12, 0, 0),
(128, 'Fnatic (Holo) | Katowice 2014', 1209, 0, 56, 0),
(129, '★ M9 Bayonet | Case Hardened', 508, 44, 0, 0),
(130, 'Virtus.Pro (Holo) | Katowice 2014', 1209, 0, 78, 0),
(131, '★ Kukri Knife | Night Stripe', 526, 735, 0, 0),
(132, 'King on the Field', 1209, 0, 102, 0),
(133, 'FAMAS | Colony', 10, 47, 0, 0),
(134, '★ Shadow Daggers | Safari Mesh', 516, 72, 0, 0),
(135, 'Glock-18 | Synth Leaf', 4, 732, 0, 0),
(136, '★ Flip Knife | Tiger Tooth', 505, 409, 0, 0),
(137, '★ Driver Gloves | Black Tie', 5031, 10072, 0, 0),
(138, 'M4A4 | Daybreak', 16, 471, 0, 0),
(139, '★ Sport Gloves | Vice', 5030, 10048, 0, 0),
(140, '★ Ursus Knife | Marble Fade', 519, 413, 0, 0),
(141, 'M4A4 | Cyber Security', 16, 985, 0, 0),
(142, '★ Talon Knife | Fade', 523, 38, 0, 0),
(143, '★ Butterfly Knife | Scorched', 515, 175, 0, 0),
(144, '★ Sport Gloves | Hedge Maze', 5030, 10038, 0, 0),
(145, 'Howling Dawn', 1209, 0, 103, 0),
(146, 'Team Liquid (Foil) | Atlanta 2017', 1209, 0, 1796, 0),
(147, 'P90 | Run and Hide', 19, 1000, 0, 0),
(148, 'Titan | Katowice 2014', 1209, 0, 75, 0),
(149, '★ Sport Gloves | Omega', 5030, 10047, 0, 0),
(150, 'UMP-45 | Fade', 24, 879, 0, 0),
(151, '★ Skeleton Knife', 525, 0, 0, 0),
(152, '★ Butterfly Knife | Black Laminate', 515, 1110, 0, 0),
(153, '★ Sport Gloves | Big Game', 5030, 10074, 0, 0),
(154, 'Xyp9x (Gold) | London 2018', 1209, 0, 3274, 0),
(155, 'kRYSTAL (Gold) | Krakow 2017', 1209, 0, 2336, 0),
(156, '★ Skeleton Knife | Crimson Web', 525, 12, 0, 0),
(157, '★ Moto Gloves | POW!', 5033, 10049, 0, 0),
(158, 'M4A1-S | Mecha Industries', 60, 587, 0, 0),
(159, '★ Karambit | Urban Masked', 507, 143, 0, 0),
(160, '★ Talon Knife | Rust Coat', 523, 414, 0, 0),
(161, '★ Sport Gloves | Amphibious', 5030, 10045, 0, 0),
(162, 'AUG | Flame Jörmungandr', 8, 758, 0, 0),
(163, 'P250 | Gunsmoke', 36, 15, 0, 0),
(164, 'mousesports | Katowice 2014', 1209, 0, 65, 0),
(165, 'AK-47 | Fuel Injector', 7, 524, 0, 0),
(166, '★ Hand Wraps | Overprint', 5032, 10054, 0, 0),
(167, '★ Classic Knife | Slaughter', 503, 59, 0, 0),
(168, '★ Skeleton Knife | Stained', 525, 43, 0, 0),
(169, 'M4A4 | Poseidon', 16, 449, 0, 0),
(170, 'chopper (Gold) | Boston 2018', 1209, 0, 2788, 0),
(171, 'P250 | Bengal Tiger', 36, 1030, 0, 0),
(172, 'AUG | Anodized Navy', 8, 197, 0, 0),
(173, 'MSL (Gold) | London 2018', 1209, 0, 3292, 0),
(174, 'fer (Gold) | Krakow 2017', 1209, 0, 2204, 0),
(175, '★ Bayonet | Boreal Forest', 500, 77, 0, 0),
(176, 'ESL One Katowice 2015 Challengers (Holo/Foil)', 4087, 0, 0, 0),
(177, '★ Driver Gloves | Queen Jaguar', 5031, 10071, 0, 0),
(178, 'M4A1-S | Decimator', 60, 644, 0, 0),
(179, '★ Moto Gloves | Finish Line', 5033, 10077, 0, 0),
(180, '★ Nomad Knife | Slaughter', 521, 59, 0, 0),
(181, '★ Driver Gloves | Imperial Plaid', 5031, 10042, 0, 0),
(182, '★ Specialist Gloves | Mogul', 5034, 10064, 0, 0),
(183, 'ESL One Katowice 2015 Overpass Souvenir Package', 4085, 0, 0, 0),
(184, 'AUG | Storm', 8, 100, 0, 0),
(185, 'M4A1-S | Guardian', 60, 257, 0, 0),
(186, '★ Karambit | Forest DDPAT', 507, 5, 0, 0),
(187, '★ Butterfly Knife | Blue Steel', 515, 42, 0, 0),
(188, '★ Falchion Knife | Tiger Tooth', 512, 409, 0, 0),
(189, '★ Moto Gloves | Blood Pressure', 5033, 10079, 0, 0),
(190, 'MP9 | Pandora\'s Box', 34, 448, 0, 0),
(191, 'M4A1-S | Black Lotus', 60, 1166, 0, 0),
(192, 'AWP | Silk Tiger', 9, 1029, 0, 0),
(193, 'AK-47 | Safari Mesh', 7, 72, 0, 0),
(194, 'keshandr (Gold) | Boston 2018', 1209, 0, 2797, 0),
(195, 'TACO (Gold) | Boston 2018', 1209, 0, 2650, 0),
(196, '★ Kukri Knife | Forest DDPAT', 526, 5, 0, 0),
(197, '★ Talon Knife | Tiger Tooth', 523, 409, 0, 0),
(198, '★ Classic Knife | Case Hardened', 503, 44, 0, 0),
(199, 'LGB eSports | Katowice 2014', 1209, 0, 63, 0),
(200, '★ Hand Wraps | Slaughter', 5032, 10021, 0, 0),
(201, 'Baby Karat CT', 1355, 0, 0, 21),
(202, '★ Paracord Knife | Fade', 517, 38, 0, 0),
(203, '★ Survival Knife | Case Hardened', 518, 44, 0, 0),
(204, '★ Huntsman Knife | Damascus Steel', 509, 411, 0, 0),
(205, 'NEO (Gold) | Krakow 2017', 1209, 0, 2168, 0),
(206, 'RpK (Gold) | Boston 2018', 1209, 0, 2866, 0),
(207, '★ Bayonet | Fade', 500, 38, 0, 0),
(208, '★ Shadow Daggers | Fade', 516, 38, 0, 0),
(209, '★ Ursus Knife | Slaughter', 519, 59, 0, 0),
(210, 'M4A1-S | Chantico\'s Fire', 60, 548, 0, 0),
(211, 'Tec-9 | Army Mesh', 30, 242, 0, 0),
(212, '★ Shadow Daggers | Gamma Doppler', 516, 571, 0, 0),
(213, 'Desert Eagle | Golden Koi', 1, 185, 0, 0),
(214, '★ Hand Wraps | Giraffe', 5032, 10082, 0, 0),
(215, 'XM1014 | Frost Borre', 25, 760, 0, 0),
(216, 'MAC-10 | Red Filigree', 17, 742, 0, 0),
(217, 'Atlanta 2017 Cobblestone Souvenir Package', 4346, 0, 0, 0),
(218, 'tabseN (Gold) | London 2018', 1209, 0, 3253, 0),
(219, 'G3SG1 | Chronos', 11, 438, 0, 0),
(220, 'M4A4 | Temukau', 16, 1228, 0, 0),
(221, '★ Kukri Knife | Boreal Forest', 526, 77, 0, 0),
(222, '★ M9 Bayonet | Damascus Steel', 508, 411, 0, 0),
(223, '★ Moto Gloves | 3rd Commando Company', 5033, 10080, 0, 0),
(224, '★ Karambit | Tiger Tooth', 507, 409, 0, 0),
(225, 'tabseN (Gold) | Krakow 2017', 1209, 0, 2312, 0),
(226, '★ Talon Knife | Urban Masked', 523, 143, 0, 0),
(227, 'AK-47 | Redline', 7, 282, 0, 0),
(228, 'USP-S | The Traitor', 61, 1040, 0, 0),
(229, '★ Survival Knife | Fade', 518, 38, 0, 0),
(230, 'Desert Eagle | Sunset Storm 壱', 1, 469, 0, 0),
(231, '★ Stiletto Knife | Slaughter', 522, 59, 0, 0),
(232, 'allu (Gold) | Krakow 2017', 1209, 0, 2255, 0),
(233, '★ Moto Gloves | Transport', 5033, 10051, 0, 0),
(234, '★ Flip Knife | Boreal Forest', 505, 77, 0, 0),
(235, 'MAC-10 | Amber Fade', 17, 246, 0, 0),
(236, 'P90 | Blind Spot', 19, 228, 0, 0),
(237, '★ Bowie Knife | Marble Fade', 514, 413, 0, 0),
(238, '★ Bayonet | Rust Coat', 500, 414, 0, 0),
(239, 'aizy (Gold) | Krakow 2017', 1209, 0, 2240, 0),
(240, '★ Bayonet | Case Hardened', 500, 44, 0, 0),
(241, 'AK-47 | Nightwish', 7, 1141, 0, 0),
(242, '★ Butterfly Knife | Forest DDPAT', 515, 5, 0, 0),
(243, 'USP-S | Para Green', 61, 454, 0, 0),
(244, 'olofmeister (Gold) | Krakow 2017', 1209, 0, 2192, 0),
(245, '★ Driver Gloves | Overtake', 5031, 10043, 0, 0),
(246, '★ Driver Gloves | Convoy', 5031, 10015, 0, 0),
(247, 'Boston 2018 Cobblestone Souvenir Package', 4465, 0, 0, 0),
(248, 'Glock-18 | Water Elemental', 4, 353, 0, 0),
(249, '★ Falchion Knife | Fade', 512, 38, 0, 0),
(250, 'AUG | Sand Storm', 8, 823, 0, 0),
(251, 'AK-47 | Blue Laminate', 7, 226, 0, 0),
(252, '★ Nomad Knife | Case Hardened', 521, 44, 0, 0),
(253, '★ Shadow Daggers | Boreal Forest', 516, 77, 0, 0),
(254, 'M4A4 | The Emperor', 16, 844, 0, 0),
(255, 'AWP | PAW', 9, 718, 0, 0),
(256, '★ Talon Knife | Crimson Web', 523, 12, 0, 0),
(257, 'nitr0 (Gold) | London 2018', 1209, 0, 3289, 0),
(258, '★ Nomad Knife | Safari Mesh', 521, 72, 0, 0),
(259, '★ Kukri Knife | Stained', 526, 43, 0, 0),
(260, '★ Broken Fang Gloves | Yellow-banded', 4725, 10086, 0, 0),
(261, '★ Specialist Gloves | Marble Fade', 5034, 10065, 0, 0),
(262, '★ Bayonet | Forest DDPAT', 500, 5, 0, 0),
(263, '★ Specialist Gloves | Buckshot', 5034, 10062, 0, 0),
(264, '3DMAX | Katowice 2014', 1209, 0, 48, 0),
(265, 'AK-47 | Neon Rider', 7, 707, 0, 0),
(266, 'iBUYPOWER (Holo) | Cologne 2014', 1209, 0, 143, 0),
(267, '★ Bowie Knife | Fade', 514, 38, 0, 0),
(268, 'SSG 08 | Blue Spruce', 40, 96, 0, 0),
(269, 'AWP | Asiimov', 9, 279, 0, 0),
(270, 'AK-47 | Asiimov', 7, 801, 0, 0),
(271, 'FAMAS | Prime Conspiracy', 10, 999, 0, 0),
(272, 'AK-47 | Neon Revolution', 7, 600, 0, 0),
(273, 'Ninjas in Pyjamas | Katowice 2014', 1209, 0, 71, 0),
(274, '★ Driver Gloves | Rezan the Red', 5031, 10069, 0, 0),
(275, '★ Moto Gloves | Smoke Out', 5033, 10078, 0, 0),
(276, '★ Sport Gloves | Bronze Morph', 5030, 10046, 0, 0),
(277, 'USP-S | Printstream', 61, 1142, 0, 0),
(278, 'USP-S | Dark Water', 61, 60, 0, 0),
(279, '★ Moto Gloves | Turtle', 5033, 10050, 0, 0),
(280, '★ Stiletto Knife | Marble Fade', 522, 413, 0, 0),
(281, 'M4A1-S | Basilisk', 60, 383, 0, 0),
(282, 'M4A1-S | Atomic Alloy', 60, 301, 0, 0),
(283, 'Dosia (Gold) | Boston 2018', 1209, 0, 2566, 0),
(284, 'SSG 08 | Sea Calico', 40, 868, 0, 0),
(285, 'Cloud9 (Foil) | DreamHack 2014', 1209, 0, 203, 0),
(286, 'Natus Vincere (Holo) | Katowice 2015', 1209, 0, 323, 0),
(287, 'SSG 08 | Acid Fade', 40, 253, 0, 0),
(288, '★ Huntsman Knife | Tiger Tooth', 509, 409, 0, 0),
(289, 'AUG | Momentum', 8, 845, 0, 0),
(290, 'Skadoodle (Gold) | London 2018', 1209, 0, 3094, 0),
(291, 'Five-SeveN | Crimson Blossom', 3, 729, 0, 0),
(292, '★ Moto Gloves | Eclipse', 5033, 10024, 0, 0),
(293, 'M4A4 | Red DDPAT', 16, 926, 0, 0),
(294, '★ Karambit | Doppler', 507, 420, 0, 0),
(295, 'MAG-7 | Counter Terrace', 27, 462, 0, 0),
(296, 'Glock-18 | Twilight Galaxy', 4, 437, 0, 0),
(297, '★ Specialist Gloves | Foundation', 5034, 10035, 0, 0),
(298, '★ Shadow Daggers | Ultraviolet', 516, 98, 0, 0),
(299, 'UMP-45 | Crime Scene', 24, 1003, 0, 0),
(300, '★ Kukri Knife | Scorched', 526, 175, 0, 0),
(301, '★ Karambit | Night', 507, 40, 0, 0),
(302, 'UMP-45 | Minotaur\'s Labyrinth', 24, 441, 0, 0),
(303, 'device (Foil) | Cologne 2016', 1209, 0, 1584, 0),
(304, '★ Bowie Knife | Freehand', 514, 581, 0, 0),
(305, 'USP-S | Orion', 61, 313, 0, 0),
(306, 'Five-SeveN | Case Hardened', 3, 44, 0, 0),
(307, '★ Bayonet | Blue Steel', 500, 42, 0, 0),
(308, '★ Karambit | Rust Coat', 507, 414, 0, 0),
(309, '★ Talon Knife | Damascus Steel', 523, 858, 0, 0),
(310, '★ Gut Knife | Freehand', 506, 580, 0, 0),
(311, 'Glock-18 | Bullet Queen', 4, 957, 0, 0),
(312, '★ Skeleton Knife | Forest DDPAT', 525, 5, 0, 0),
(313, '★ Ursus Knife | Blue Steel', 519, 42, 0, 0),
(314, 'MP9 | Stained Glass', 34, 867, 0, 0),
(315, '★ Butterfly Knife | Safari Mesh', 515, 72, 0, 0),
(316, 'Galil AR | Crimson Tsunami', 13, 647, 0, 0),
(317, '★ Bowie Knife | Tiger Tooth', 514, 409, 0, 0),
(318, '★ Classic Knife | Boreal Forest', 503, 77, 0, 0),
(319, '★ Bowie Knife | Slaughter', 514, 59, 0, 0),
(320, 'Hobbit (Gold) | Boston 2018', 1209, 0, 2572, 0),
(321, '★ Hand Wraps | Cobalt Skulls', 5032, 10053, 0, 0),
(322, '★ Paracord Knife | Night Stripe', 517, 735, 0, 0),
(323, 'Ninjas in Pyjamas (Holo) | DreamHack 2014', 1209, 0, 211, 0),
(324, 'USP-S | Orange Anolis', 61, 922, 0, 0),
(325, 'AWP | Chrome Cannon', 9, 1170, 0, 0),
(326, 'mir (Gold) | London 2018', 1209, 0, 3202, 0),
(327, 'DreamHack Cluj-Napoca 2015 Cobblestone Souvenir Package', 4179, 0, 0, 0),
(328, 'LGB eSports (Holo) | Katowice 2015', 1209, 0, 319, 0),
(329, 'Five-SeveN | Berries And Cherries', 3, 1002, 0, 0),
(330, 'M4A1-S | Player Two', 60, 946, 0, 0),
(331, 'Vox Eminor | Katowice 2014', 1209, 0, 79, 0),
(332, 'flusha (Gold) | Krakow 2017', 1209, 0, 2183, 0),
(333, 'Vox Eminor (Holo) | Katowice 2015', 1209, 0, 351, 0),
(334, 'MP9 | Dark Age', 34, 329, 0, 0),
(335, '★ Sport Gloves | Scarlet Shamagh', 5030, 10075, 0, 0),
(336, 's1mple (Foil) | Cologne 2016', 1209, 0, 1557, 0),
(337, 'pashaBiceps (Gold) | London 2018', 1209, 0, 3310, 0),
(338, 'electronic (Foil) | Atlanta 2017', 1209, 0, 1875, 0),
(339, '★ Huntsman Knife | Fade', 509, 38, 0, 0),
(340, '★ Bayonet | Damascus Steel', 500, 410, 0, 0),
(341, '★ M9 Bayonet | Doppler', 508, 421, 0, 0),
(342, 'PP-Bizon | Sand Dashed', 26, 148, 0, 0),
(343, 'markeloff (Foil) | Cologne 2015', 1209, 0, 531, 0),
(344, 'Team Spirit (Gold) | Shanghai 2024', 1209, 0, 7943, 0),
(345, '★ Survival Knife | Blue Steel', 518, 42, 0, 0),
(346, 'device (Gold) | Krakow 2017', 1209, 0, 2150, 0),
(347, '★ Hand Wraps | Desert Shamagh', 5032, 10081, 0, 0),
(348, '★ Gut Knife | Autotronic', 506, 575, 0, 0),
(349, 'AK-47 | Head Shot', 7, 1221, 0, 0),
(350, 'Vox Eminor (Foil) | Katowice 2015', 1209, 0, 352, 0),
(351, 'P250 | Mehndi', 36, 258, 0, 0),
(352, '★ Falchion Knife | Freehand', 512, 581, 0, 0),
(353, '★ Kukri Knife | Urban Masked', 526, 143, 0, 0),
(354, '★ Classic Knife | Stained', 503, 43, 0, 0),
(355, '★ Specialist Gloves | Field Agent', 5034, 10068, 0, 0),
(356, 'Twistzz (Foil) | London 2018', 1209, 0, 3282, 0),
(357, 'CZ75-Auto | Emerald Quartz', 63, 859, 0, 0),
(358, 'Titan (Holo) | Cologne 2014', 1209, 0, 149, 0),
(359, 'AK-47 | Cartel', 7, 394, 0, 0),
(360, 'Desert Eagle | Hypnotic', 1, 61, 0, 0),
(361, '★ Gut Knife | Damascus Steel', 506, 410, 0, 0),
(362, 'Nova | Baroque Orange', 35, 746, 0, 0),
(363, '3DMAX (Foil) | Katowice 2015', 1209, 0, 288, 0),
(364, 'HellRaisers | Katowice 2014', 1209, 0, 57, 0),
(365, 'ScreaM (Foil) | Cologne 2016', 1209, 0, 1572, 0),
(366, 'Kjaerbye (Gold) | Krakow 2017', 1209, 0, 2159, 0),
(367, '★ Bowie Knife | Damascus Steel', 514, 411, 0, 0),
(368, '★ Hand Wraps | CAUTION!', 5032, 10084, 0, 0),
(369, 'AWP | Desert Hydra', 9, 819, 0, 0),
(370, '★ Moto Gloves | Polygon', 5033, 10052, 0, 0),
(371, 'Dual Berettas | Duelist', 2, 447, 0, 0),
(372, 'daps (Foil) | Cologne 2016', 1209, 0, 1401, 0),
(373, 'ESL One Cologne 2015 Cobblestone Souvenir Package', 4134, 0, 0, 0),
(374, 'AK-47 | Phantom Disruptor', 7, 941, 0, 0),
(375, 'USP-S | Caiman', 61, 339, 0, 0),
(376, '★ M9 Bayonet | Ultraviolet', 508, 98, 0, 0),
(377, 'AWP | Electric Hive', 9, 227, 0, 0),
(378, 'M4A4 | Neo-Noir', 16, 695, 0, 0),
(379, '★ Classic Knife | Night Stripe', 503, 735, 0, 0),
(380, '★ Driver Gloves | Snow Leopard', 5031, 10070, 0, 0),
(381, 'AWP | Sun in Leo', 9, 451, 0, 0),
(382, '★ Classic Knife | Safari Mesh', 503, 72, 0, 0),
(383, 'Desert Eagle | Ocean Drive', 1, 1090, 0, 0),
(384, '★ Bowie Knife | Crimson Web', 514, 12, 0, 0),
(385, '★ Huntsman Knife | Rust Coat', 509, 414, 0, 0),
(386, 'Stewie2K (Gold) | Krakow 2017', 1209, 0, 2327, 0),
(387, '★ M9 Bayonet | Scorched', 508, 175, 0, 0),
(388, 'Bio-Haz Specialist | SWAT', 4714, 0, 0, 0),
(389, '★ Navaja Knife | Forest DDPAT', 520, 5, 0, 0),
(390, '★ Driver Gloves | King Snake', 5031, 10041, 0, 0),
(391, 'M4A4 | Eye of Horus', 16, 1255, 0, 0),
(392, 'AK-47 | Slate', 7, 1035, 0, 0),
(393, 'M4A4 | Asiimov', 16, 255, 0, 0),
(394, '★ Huntsman Knife | Marble Fade', 509, 413, 0, 0),
(395, '★ Classic Knife | Blue Steel', 503, 42, 0, 0),
(396, 'MAC-10 | Fade', 17, 38, 0, 0),
(397, '★ Specialist Gloves | Forest DDPAT', 5034, 10030, 0, 0),
(398, '★ Broken Fang Gloves | Jade', 4725, 10085, 0, 0),
(399, 'MP7 | Gunsmoke', 33, 15, 0, 0),
(400, '★ Paracord Knife | Safari Mesh', 517, 72, 0, 0),
(401, '★ Kukri Knife', 526, 0, 0, 0),
(402, 'AUG | Midnight Lily', 8, 727, 0, 0),
(403, '★ Talon Knife', 523, 0, 0, 0),
(404, 'MAC-10 | Indigo', 17, 333, 0, 0),
(405, '★ Bayonet | Freehand', 500, 580, 0, 0),
(406, 'NAF (Foil) | Atlanta 2017', 1209, 0, 1845, 0),
(407, '★ Survival Knife | Safari Mesh', 518, 72, 0, 0),
(408, 'karrigan (Foil) | Atlanta 2017', 1209, 0, 1911, 0),
(409, '★ Hand Wraps | Arboreal', 5032, 10056, 0, 0),
(410, 'Desert Eagle | Fennec Fox', 1, 764, 0, 0),
(411, 'USP-S | Royal Blue', 61, 332, 0, 0),
(412, '★ Hand Wraps | Constrictor', 5032, 10083, 0, 0),
(413, '★ Talon Knife | Ultraviolet', 523, 98, 0, 0),
(414, 'Dual Berettas | Stained', 2, 43, 0, 0),
(415, 'HellRaisers (Holo) | Katowice 2015', 1209, 0, 311, 0),
(416, 'suNny (Gold) | Boston 2018', 1209, 0, 2755, 0),
(417, 'MP7 | Full Stop', 33, 250, 0, 0),
(418, 'captainMo (Foil) | Boston 2018', 1209, 0, 2913, 0),
(419, 'SSG 08 | Blood in the Water', 40, 222, 0, 0),
(420, '★ Stiletto Knife | Boreal Forest', 522, 77, 0, 0),
(421, 'Crown (Foil)', 1209, 0, 37, 0),
(422, '★ Huntsman Knife | Gamma Doppler', 509, 568, 0, 0),
(423, '★ Bayonet | Scorched', 500, 175, 0, 0),
(424, 'Die-cast AK', 1355, 0, 0, 18),
(425, '★ Gut Knife | Marble Fade', 506, 413, 0, 0),
(426, '★ Ursus Knife | Tiger Tooth', 519, 409, 0, 0),
(427, 'Titeenium AWP', 1355, 0, 0, 20),
(428, 'MP9 | Hot Rod', 34, 33, 0, 0),
(429, 'ESL One Cologne 2015 Inferno Souvenir Package', 4133, 0, 0, 0),
(430, 'SG 553 | Hypnotic', 39, 61, 0, 0),
(431, 'f0rest (Foil) | Cologne 2016', 1209, 0, 1524, 0),
(432, 'ESL One Cologne 2014 Legends', 4020, 0, 0, 0),
(433, 'somebody (Gold) | Shanghai 2024', 1209, 0, 8504, 0),
(434, 'XM1014 | Ancient Lore', 25, 1021, 0, 0),
(435, 'myXMG | DreamHack 2014', 1209, 0, 229, 0),
(436, 'MP7 | Fade', 33, 752, 0, 0),
(437, 'AK-47 | Bloodsport', 7, 639, 0, 0),
(438, 'Glock-18 | Reactor', 4, 367, 0, 0),
(439, 'USP-S | Guardian', 61, 290, 0, 0),
(440, 'USP-S | Neo-Noir', 61, 653, 0, 0),
(441, 'Virtus.Pro | Katowice 2014', 1209, 0, 77, 0),
(442, 'MAC-10 | Propaganda', 17, 1067, 0, 0),
(443, 'AWP | Worm God', 9, 424, 0, 0),
(444, 'Xyp9x | Cologne 2016', 1209, 0, 1592, 0),
(445, '★ M9 Bayonet | Bright Water', 508, 579, 0, 0),
(446, 'Astralis (Foil) | Atlanta 2017', 1209, 0, 1740, 0),
(447, 'Desert Eagle | Printstream', 1, 962, 0, 0),
(448, 'AK-47 | The Empress', 7, 675, 0, 0),
(449, 'M4A4 | Tooth Fairy', 16, 971, 0, 0),
(450, 'OpTic Gaming (Foil) | Cologne 2016', 1209, 0, 1323, 0),
(451, 'USP-S | Blueprint', 61, 657, 0, 0),
(452, '★ Classic Knife | Scorched', 503, 175, 0, 0),
(453, '★ Navaja Knife | Rust Coat', 520, 414, 0, 0),
(454, 'AWP | Pink DDPAT', 9, 84, 0, 0),
(455, '★ Specialist Gloves | Lt. Commander', 5034, 10066, 0, 0),
(456, 'XM1014 | Elegant Vines', 25, 821, 0, 0),
(457, 'Snax (Gold) | Boston 2018', 1209, 0, 2617, 0),
(458, 'Diner Dog', 1355, 0, 0, 13),
(459, 'Edward (Gold) | London 2018', 1209, 0, 3121, 0),
(460, 'oskar (Gold) | London 2018', 1209, 0, 3154, 0),
(461, 'FAMAS | Meltdown', 10, 1053, 0, 0),
(462, 'MP7 | Skulls', 33, 11, 0, 0),
(463, 'jks (Gold) | Katowice 2019', 1209, 0, 3830, 0),
(464, 'Elder God', 4609, 0, 4948, 0),
(465, 'somebody | Boston 2018', 1209, 0, 2918, 0),
(466, 'AWP | Oni Taiji', 9, 662, 0, 0),
(467, '★ Broken Fang Gloves | Needle Point', 4725, 10087, 0, 0),
(468, 'USP-S | Serum', 61, 221, 0, 0),
(469, '★ Survival Knife', 518, 0, 0, 0),
(470, '★ Falchion Knife | Autotronic', 512, 1116, 0, 0),
(471, 'P250 | Apep\'s Curse', 36, 1248, 0, 0),
(472, 'M4A4 | Zirka', 16, 187, 0, 0),
(473, 'Desert Eagle | Pilot', 1, 347, 0, 0),
(474, 'SCAR-20 | Magna Carta', 38, 1028, 0, 0),
(475, '3DMAX (Holo) | Katowice 2015', 1209, 0, 287, 0),
(476, 'M4A1-S | Leaded Glass', 60, 681, 0, 0),
(477, 'Galil AR | Cerberus', 13, 379, 0, 0),
(478, 'OpTic Gaming (Holo) | Atlanta 2017', 1209, 0, 1787, 0),
(479, 'shroud (Foil) | MLG Columbus 2016', 1209, 0, 1097, 0),
(480, 'Galil AR | Eco', 13, 428, 0, 0),
(481, '★ Skeleton Knife | Boreal Forest', 525, 77, 0, 0),
(482, '★ Shadow Daggers | Black Laminate', 516, 1113, 0, 0),
(483, '★ Falchion Knife | Marble Fade', 512, 413, 0, 0),
(484, 'KRIMZ (Gold) | Krakow 2017', 1209, 0, 2189, 0),
(485, 'Team EnVyUs (Holo) | Katowice 2015', 1209, 0, 335, 0),
(486, '★ Bayonet | Ultraviolet', 500, 98, 0, 0),
(487, '★ Bayonet | Doppler', 500, 421, 0, 0),
(488, 'Desert Eagle | Code Red', 1, 711, 0, 0),
(489, '★ Survival Knife | Slaughter', 518, 59, 0, 0),
(490, 'AK-47 | Black Laminate', 7, 172, 0, 0),
(491, 'MP9 | Starlight Protector', 34, 1134, 0, 0),
(492, 'Operation Bravo Case', 4003, 0, 0, 0),
(493, 'shox (Foil) | MLG Columbus 2016', 1209, 0, 1265, 0),
(494, 'USP-S | Torque', 61, 489, 0, 0),
(495, '★ Paracord Knife | Crimson Web', 517, 12, 0, 0),
(496, 'kennyS (Foil) | MLG Columbus 2016', 1209, 0, 1115, 0),
(497, '★ Bowie Knife', 514, 0, 0, 0),
(498, 'Cloud9 G2A (Holo) | Katowice 2015', 1209, 0, 291, 0),
(499, '★ Moto Gloves | Boom!', 5033, 10027, 0, 0),
(500, 'M4A4 | Bullet Rain', 16, 155, 0, 0),
(501, 'USP-S | Target Acquired', 61, 1027, 0, 0),
(502, '★ Bowie Knife | Bright Water', 514, 579, 0, 0),
(503, 'P90 | Asiimov', 19, 359, 0, 0),
(504, '★ Hand Wraps | Duct Tape', 5032, 10055, 0, 0),
(505, 'kNgV- (Gold) | Krakow 2017', 1209, 0, 2366, 0),
(506, 'AZR (Gold) | Katowice 2019', 1209, 0, 3833, 0),
(507, 'AK-47 | Jaguar', 7, 316, 0, 0),
(508, 'AUG | Syd Mead', 8, 601, 0, 0),
(509, '★ Shadow Daggers | Doppler', 516, 618, 0, 0),
(510, '★ Nomad Knife | Crimson Web', 521, 12, 0, 0),
(511, 'JDC (Gold) | Shanghai 2024', 1209, 0, 8304, 0),
(512, 'Desert Eagle | Starcade', 1, 938, 0, 0),
(513, 'Flipsid3 Tactics (Holo) | Katowice 2015', 1209, 0, 303, 0),
(514, 'AWP | Graphite', 9, 212, 0, 0),
(515, 'Desert Eagle | Night', 1, 40, 0, 0),
(516, '★ Skeleton Knife | Night Stripe', 525, 735, 0, 0),
(517, 'AK-47 | Panthera onca', 7, 1018, 0, 0),
(518, '★ Classic Knife | Forest DDPAT', 503, 5, 0, 0),
(519, 'Galil AR | Chromatic Aberration', 13, 1038, 0, 0),
(520, '★ Stiletto Knife | Ultraviolet', 522, 98, 0, 0),
(521, '★ Gut Knife | Fade', 506, 38, 0, 0),
(522, 'Desert Eagle | Kumicho Dragon', 1, 527, 0, 0),
(523, 'HEN1 (Foil) | Boston 2018', 1209, 0, 2583, 0),
(524, '★ Bowie Knife | Rust Coat', 514, 414, 0, 0),
(525, 'M4A4 | Buzz Kill', 16, 632, 0, 0),
(526, 'NEO (Foil) | Atlanta 2017', 1209, 0, 2052, 0),
(527, '★ Gut Knife', 506, 0, 0, 0),
(528, 'M4A4 | The Battlestar', 16, 533, 0, 0),
(529, 'Sawed-Off | Rust Coat', 29, 323, 0, 0),
(530, 'SSG 08 | Tropical Storm', 40, 233, 0, 0),
(531, '★ Bayonet | Crimson Web', 500, 12, 0, 0),
(532, '★ Karambit | Ultraviolet', 507, 98, 0, 0),
(533, 'coldzera (Foil) | MLG Columbus 2016', 1209, 0, 1169, 0),
(534, '★ Bayonet | Night', 500, 40, 0, 0),
(535, 'M4A4 | In Living Color', 16, 1041, 0, 0),
(536, 'SCAR-20 | Storm', 38, 100, 0, 0),
(537, 'Natus Vincere (Foil) | Katowice 2015', 1209, 0, 324, 0),
(538, 'ESL One Cologne 2014 Challengers', 4021, 0, 0, 0),
(539, 'MLG Columbus 2016 Challengers (Holo/Foil)', 4206, 0, 0, 0),
(540, 'byali (Foil) | Cologne 2016', 1209, 0, 1611, 0),
(541, 'SSG 08 | Dragonfire', 40, 624, 0, 0),
(542, '★ Ursus Knife', 519, 0, 0, 0),
(543, 'UMP-45 | Day Lily', 24, 725, 0, 0),
(544, 'Zeus (Foil) | MLG Columbus 2016', 1209, 0, 1208, 0),
(545, 'nitr0 (Foil) | MLG Columbus 2016', 1209, 0, 1253, 0),
(546, 'Lynn Vision (Holo) | Copenhagen 2024', 1209, 0, 7348, 0),
(547, 'M4A4 | Hellfire', 16, 664, 0, 0),
(548, '★ Driver Gloves | Crimson Weave', 5031, 10016, 0, 0),
(549, '★ Shadow Daggers | Tiger Tooth', 516, 409, 0, 0),
(550, 'Flash Gaming (Foil) | Boston 2018', 1209, 0, 2937, 0),
(551, 'MAG-7 | Prism Terrace', 27, 1072, 0, 0),
(552, 'SG 553 | Pulse', 39, 287, 0, 0),
(553, 'MP9 | Hypnotic', 34, 61, 0, 0),
(554, '★ Ursus Knife | Urban Masked', 519, 143, 0, 0),
(555, 'MAC-10 | Gold Brick', 17, 1025, 0, 0),
(556, 'AWP | Containment Breach', 9, 887, 0, 0),
(557, 'Desert Eagle | Crimson Web', 1, 232, 0, 0),
(558, 'eSports 2013 Case', 4002, 0, 0, 0),
(559, 'AK-47 | Wasteland Rebel', 7, 380, 0, 0),
(560, 'M4A1-S | Vaporwave', 60, 106, 0, 0),
(561, '★ Driver Gloves | Diamondback', 5031, 10040, 0, 0),
(562, 'AK-47 | Inheritance', 7, 1171, 0, 0),
(563, 'mir (Gold) | Boston 2018', 1209, 0, 2800, 0),
(564, 'AWP | Neo-Noir', 9, 803, 0, 0),
(565, '★ Ursus Knife | Rust Coat', 519, 414, 0, 0),
(566, 'AWP | POP AWP', 9, 1058, 0, 0),
(567, 'Galil AR | Sugar Rush', 13, 661, 0, 0),
(568, 'USP-S | Ancient Visions', 61, 1031, 0, 0),
(569, 'AUG | Lil\' Pig', 8, 173, 0, 0),
(570, '★ Navaja Knife | Case Hardened', 520, 44, 0, 0),
(571, 'fer (Foil) | Atlanta 2017', 1209, 0, 1920, 0),
(572, '★ Shadow Daggers | Marble Fade', 516, 413, 0, 0),
(573, 'North (Foil) | Atlanta 2017', 1209, 0, 1784, 0),
(574, 'Titan | Cluj-Napoca 2015', 1209, 0, 944, 0),
(575, 'Autograph Capsule | Legends (Foil) | Cologne 2016', 4257, 0, 0, 0),
(576, 'Lil\' Teacup', 1355, 0, 0, 14),
(577, 'Virtus.pro (Holo) | Katowice 2015', 1209, 0, 347, 0),
(578, 'autimatic (Foil) | Krakow 2017', 1209, 0, 2314, 0),
(579, '★ Ursus Knife | Night Stripe', 519, 735, 0, 0),
(580, '★ Ursus Knife | Damascus Steel', 519, 857, 0, 0),
(581, 'Five-SeveN | Hot Shot', 3, 377, 0, 0),
(582, '★ Ursus Knife | Safari Mesh', 519, 72, 0, 0),
(583, 'byali (Gold) | Krakow 2017', 1209, 0, 2165, 0),
(584, 'rox (Gold) | Antwerp 2022', 1209, 0, 5859, 0),
(585, 'FAMAS | Roll Cage', 10, 604, 0, 0),
(586, 'AWP | Atheris', 9, 838, 0, 0),
(587, 'USP-S | Kill Confirmed', 61, 504, 0, 0),
(588, 'ESL One Cologne 2015 Challengers (Foil)', 4110, 0, 0, 0),
(589, 'FAMAS | Contrast Spray', 10, 22, 0, 0),
(590, 'Flammable (Foil)', 1209, 0, 107, 0),
(591, 'MOUZ (Gold) | Stockholm 2021', 1209, 0, 5017, 0),
(592, '★ Stiletto Knife | Doppler', 522, 420, 0, 0),
(593, '★ Flip Knife | Slaughter', 505, 59, 0, 0),
(594, '★ Stiletto Knife', 522, 0, 0, 0),
(595, 'fnx (Foil) | Boston 2018', 1209, 0, 2580, 0),
(596, 'P2000 | Dispatch', 32, 997, 0, 0),
(597, 'CZ75-Auto | Emerald', 63, 453, 0, 0),
(598, 'SCAR-20 | Cyrex', 38, 312, 0, 0),
(599, 'Sawed-Off | Serenity', 29, 405, 0, 0),
(600, 'Virtus.Pro (Holo) | Atlanta 2017', 1209, 0, 1799, 0),
(601, 'ESL One Katowice 2015 Legends (Holo/Foil)', 4086, 0, 0, 0),
(602, 'Atlanta 2017 Challengers (Holo/Foil)', 4324, 0, 0, 0),
(603, 'Flipsid3 Tactics (Holo) | Atlanta 2017', 1209, 0, 1751, 0),
(604, 'SG 553 | Gator Mesh', 39, 243, 0, 0),
(605, 'hazed (Foil) | MLG Columbus 2016', 1209, 0, 1082, 0),
(606, 'M4A4 | Dark Blossom', 16, 730, 0, 0),
(607, '★ Gut Knife | Tiger Tooth', 506, 409, 0, 0),
(608, 'Tec-9 | Rust Leaf', 30, 733, 0, 0),
(609, '★ Navaja Knife | Marble Fade', 520, 413, 0, 0),
(610, 'XM1014 | Seasons', 25, 654, 0, 0),
(611, 'Glock-18 | Moonrise', 4, 694, 0, 0),
(612, 'P250 | Visions', 36, 1153, 0, 0),
(613, '★ Nomad Knife', 521, 0, 0, 0),
(614, 'AK-47 | Red Laminate', 7, 14, 0, 0),
(615, 'Immortals (Holo) | Krakow 2017', 1209, 0, 2120, 0),
(616, '★ Nomad Knife | Night Stripe', 521, 735, 0, 0),
(617, 'Lil\' Whiskers', 1355, 0, 0, 3),
(618, 'SPUNJ (Foil) | Cologne 2015', 1209, 0, 510, 0),
(619, '★ Gut Knife | Black Laminate', 506, 565, 0, 0),
(620, 'Kaze (Holo) | Shanghai 2024', 1209, 0, 8511, 0),
(621, 'SnypeR (Foil) | Cologne 2015', 1209, 0, 525, 0),
(622, 'Sir Bloody Silent Darryl | The Professionals', 4733, 0, 0, 0),
(623, '★ Navaja Knife | Scorched', 520, 175, 0, 0),
(624, 'SSG 08 | Turbo Peek', 40, 1101, 0, 0),
(625, 'UMP-45 | Indigo', 24, 333, 0, 0),
(626, 'Chicken Lil\'', 1355, 0, 0, 5),
(627, 'k0nfig (Gold) | Krakow 2017', 1209, 0, 2246, 0),
(628, '★ Nomad Knife | Scorched', 521, 175, 0, 0),
(629, 'XM1014 | Zombie Offensive', 25, 1135, 0, 0),
(630, 'ZywOo (Gold) | Berlin 2019', 1209, 0, 4338, 0),
(631, 'Titan | Katowice 2015', 1209, 0, 342, 0),
(632, '★ Falchion Knife | Scorched', 512, 175, 0, 0),
(633, 'Virtus.pro (Foil) | Katowice 2015', 1209, 0, 348, 0),
(634, '★ Huntsman Knife | Boreal Forest', 509, 77, 0, 0),
(635, '★ Huntsman Knife | Night', 509, 40, 0, 0),
(636, 'ISSAA (Gold) | Katowice 2019', 1209, 0, 3761, 0),
(637, '★ Flip Knife', 505, 0, 0, 0),
(638, 'tabseN (Gold) | Katowice 2019', 1209, 0, 3620, 0),
(639, 'AK-47 | Legion of Anubis', 7, 959, 0, 0),
(640, 'Glock-18 | Gamma Doppler', 4, 1120, 0, 0),
(641, '★ Shadow Daggers | Crimson Web', 516, 12, 0, 0),
(642, 'USP-S | Road Rash', 61, 318, 0, 0),
(643, 'P250 | Nuclear Threat', 36, 168, 0, 0),
(644, 'kennyS (Foil) | London 2018', 1209, 0, 3171, 0),
(645, 'Counter Logic Gaming (Holo) | Katowice 2015', 1209, 0, 295, 0),
(646, 'DD (Foil) | Boston 2018', 1209, 0, 2916, 0),
(647, 'FAMAS | Afterimage', 10, 154, 0, 0),
(648, 'SK Gaming (Holo) | Cologne 2016', 1209, 0, 1354, 0),
(649, '★ Bowie Knife | Doppler', 514, 419, 0, 0),
(650, 'M4A4 | X-Ray', 16, 215, 0, 0),
(651, 'Negev | Nuclear Waste', 28, 369, 0, 0),
(652, 'nexa (Gold) | Rio 2022', 1209, 0, 6369, 0),
(653, 'Dual Berettas | Switch Board', 2, 998, 0, 0),
(654, 'M4A1-S | Moss Quartz', 60, 862, 0, 0),
(655, '★ Navaja Knife', 520, 0, 0, 0),
(656, '★ Bowie Knife | Safari Mesh', 514, 72, 0, 0),
(657, 'P90 | Cold Blooded', 19, 67, 0, 0),
(658, 'jkaem (Foil) | MLG Columbus 2016', 1209, 0, 1163, 0),
(659, '★ Moto Gloves | Cool Mint', 5033, 10028, 0, 0),
(660, 'Autograph Capsule | Challengers (Foil) | Cologne 2016', 4256, 0, 0, 0),
(661, 'jR (Gold) | Boston 2018', 1209, 0, 2794, 0),
(662, 'kNgV- (Foil) | Boston 2018', 1209, 0, 2586, 0),
(663, 'jks (Foil) | Boston 2018', 1209, 0, 2850, 0),
(664, 'dennis (Foil) | MLG Columbus 2016', 1209, 0, 1148, 0),
(665, 'Pimp (Foil) | Cluj-Napoca 2015', 1209, 0, 831, 0),
(666, 'device (Foil) | London 2018', 1209, 0, 3267, 0),
(667, 'Osiris | Elite Crew', 5106, 0, 0, 0),
(668, 'Tyloo (Gold) | Stockholm 2021', 1209, 0, 5025, 0),
(669, 'Flipsid3 Tactics (Foil) | MLG Columbus 2016', 1209, 0, 1025, 0),
(670, 'Glock-18 | Groundwater', 4, 2, 0, 0),
(671, '★ Survival Knife | Scorched', 518, 175, 0, 0),
(672, 'Nova | Hyper Beast', 35, 537, 0, 0),
(673, 'USP-S | Alpine Camo', 61, 830, 0, 0),
(674, 'M4A4 | Global Offensive', 16, 993, 0, 0),
(675, 'AWP | Man-o\'-war', 9, 395, 0, 0),
(676, 'SmithZz (Foil) | Cluj-Napoca 2015', 1209, 0, 864, 0),
(677, 'P2000 | Pulse', 32, 338, 0, 0),
(678, 'Soldier | Phoenix', 5205, 0, 0, 0),
(679, 'somebody (Foil) | Boston 2018', 1209, 0, 2919, 0),
(680, 'M4A4 | 龍王 (Dragon King)', 16, 400, 0, 0),
(681, 'mir (Foil) | Krakow 2017', 1209, 0, 2386, 0),
(682, 'Tec-9 | Decimator', 30, 889, 0, 0),
(683, 'mousesports (Holo) | Atlanta 2017', 1209, 0, 1775, 0),
(684, 'P2000 | Silver', 32, 32, 0, 0),
(685, 'P250 | Nevermore', 36, 813, 0, 0),
(686, 'Bloody Darryl The Strapped | The Professionals', 4613, 0, 0, 0),
(687, 'AK-47 | Point Disarray', 7, 506, 0, 0),
(688, 's1mple (Foil) | London 2018', 1209, 0, 3117, 0),
(689, '★ Navaja Knife | Crimson Web', 520, 12, 0, 0),
(690, 'FaZe Clan (Foil) | Boston 2018', 1209, 0, 2494, 0),
(691, 'Happy (Foil) | Boston 2018', 1209, 0, 2862, 0),
(692, 'hazed (Foil) | Cologne 2015', 1209, 0, 591, 0),
(693, 'GeT_RiGhT (Foil) | Cluj-Napoca 2015', 1209, 0, 816, 0),
(694, 'Boston 2018 Minor Challengers with Flash Gaming Autograph Capsule', 4475, 0, 0, 0),
(695, 'USP-S | Cortex', 61, 705, 0, 0),
(696, 'nex (Foil) | MLG Columbus 2016', 1209, 0, 1190, 0),
(697, 'M4A4 | Tornado', 16, 101, 0, 0),
(698, 'P2000 | Chainmail', 32, 327, 0, 0),
(699, 'neaLaN (Gold) | Rio 2022', 1209, 0, 6333, 0),
(700, 'Desert Eagle | Cobalt Disruption', 1, 231, 0, 0),
(701, 'Operation Hydra Case', 4352, 0, 0, 0),
(702, 'FAMAS | Commemoration', 10, 919, 0, 0),
(703, 'USP-S | Overgrowth', 61, 183, 0, 0),
(704, 'dexter (Gold) | Berlin 2019', 1209, 0, 4344, 0),
(705, 'Nova | Green Apple', 35, 294, 0, 0),
(706, '★ Shadow Daggers', 516, 0, 0, 0),
(707, 'AWP | Fever Dream', 9, 640, 0, 0),
(708, 'Desert Eagle | Midnight Storm', 1, 468, 0, 0),
(709, '★ Shadow Daggers | Freehand', 516, 581, 0, 0),
(710, 'M4A4 | Turbine', 16, 118, 0, 0),
(711, 'P250 | Whiteout', 36, 102, 0, 0),
(712, '★ Bayonet', 500, 0, 0, 0),
(713, 'flamie | Cologne 2016', 1209, 0, 1508, 0),
(714, 'denis (Foil) | MLG Columbus 2016', 1209, 0, 1184, 0),
(715, 'Nova | Tempest', 35, 191, 0, 0),
(716, 'apEX (Gold) | Katowice 2019', 1209, 0, 3920, 0),
(717, 'P90 | Sunset Lily', 19, 726, 0, 0),
(718, 'pita (Foil) | Cologne 2016', 1209, 0, 1395, 0),
(719, 'P250 | Asiimov', 36, 551, 0, 0),
(720, 'North (Foil) | Boston 2018', 1209, 0, 2466, 0),
(721, 'mousesports (Foil) | Cologne 2015', 1209, 0, 627, 0),
(722, '★ Bowie Knife | Forest DDPAT', 514, 5, 0, 0),
(723, 'Edward (Foil) | MLG Columbus 2016', 1209, 0, 1196, 0),
(724, 'Glock-18 | AXIA', 4, 832, 0, 0),
(725, 'Cloud9 (Foil) | Katowice 2019', 1209, 0, 3474, 0),
(726, 'hutji (Foil) | London 2018', 1209, 0, 3222, 0),
(727, '★ Bloodhound Gloves | Guerrilla', 5027, 10039, 0, 0),
(728, 'B1ad3 (Foil) | Atlanta 2017', 1209, 0, 1869, 0),
(729, 'Galil AR | Tornado', 13, 101, 0, 0),
(730, 'M4A4 | The Coalition', 16, 1063, 0, 0),
(731, '★ Nomad Knife | Urban Masked', 521, 143, 0, 0),
(732, 'MAG-7 | Bulldozer', 27, 39, 0, 0),
(733, 'AK-47 | The Outsiders', 7, 113, 0, 0),
(734, 'Natus Vincere (Holo) | DreamHack 2014', 1209, 0, 214, 0),
(735, 'dephh (Gold) | Katowice 2019', 1209, 0, 3656, 0),
(736, 'Krakow 2017 Challengers Autograph Capsule', 4393, 0, 0, 0),
(737, '★ Flip Knife | Scorched', 505, 175, 0, 0),
(738, 'NiKo | Boston 2018', 1209, 0, 2777, 0),
(739, 'AdreN | Atlanta 2017', 1209, 0, 2045, 0),
(740, 'AWP | Corticera', 9, 181, 0, 0),
(741, 'Ninjas in Pyjamas (Holo) | Katowice 2015', 1209, 0, 327, 0),
(742, 'M4A1-S | Golden Coil', 60, 497, 0, 0),
(743, 'USP-S | Stainless', 61, 277, 0, 0),
(744, 'P250 | Supernova', 36, 358, 0, 0),
(745, 'M4A1-S | Bright Water', 60, 189, 0, 0),
(746, '★ Falchion Knife | Case Hardened', 512, 44, 0, 0),
(747, 'AWP | Exoskeleton', 9, 975, 0, 0),
(748, 'BIG (Foil) | London 2018', 1209, 0, 3001, 0),
(749, 'P2000 | Wicked Sick', 32, 1224, 0, 0),
(750, '★ Huntsman Knife | Scorched', 509, 175, 0, 0),
(751, 'USP-S | Monster Mashup', 61, 991, 0, 0),
(752, 'POP Art', 1355, 0, 0, 23),
(753, 'Snax (Foil) | Cologne 2015', 1209, 0, 480, 0),
(754, 'Liazz (Gold) | Katowice 2019', 1209, 0, 3839, 0),
(755, 'M4A1-S | Cyrex', 60, 360, 0, 0),
(756, 'Desert Eagle | Bronze Deco', 1, 425, 0, 0),
(757, 'MP9 | Food Chain', 34, 1037, 0, 0),
(758, '★ Bloodhound Gloves | Bronzed', 5027, 10008, 0, 0),
(759, 'pronax (Foil) | Cluj-Napoca 2015', 1209, 0, 744, 0),
(760, 'Team Dignitas | Cluj-Napoca 2015', 1209, 0, 914, 0),
(761, 'P90 | Shallow Grave', 19, 636, 0, 0),
(762, 'AWP | Snake Camo', 9, 30, 0, 0),
(763, 'Astralis (Holo) | Cologne 2016', 1209, 0, 1366, 0),
(764, 'XM1014 | Ziggy', 25, 689, 0, 0),
(765, 'coldzera (Foil) | Cologne 2016', 1209, 0, 1476, 0);

-- --------------------------------------------------------

--
-- Table structure for table `sticker_indexes`
--

DROP TABLE IF EXISTS `sticker_indexes`;
CREATE TABLE IF NOT EXISTS `sticker_indexes` (
  `id` int NOT NULL AUTO_INCREMENT,
  `sticker_index` int NOT NULL,
  `name` varchar(255) NOT NULL,
  PRIMARY KEY (`id`)
) ENGINE=InnoDB AUTO_INCREMENT=125 DEFAULT CHARSET=utf8mb4 COLLATE=utf8mb4_0900_ai_ci;

--
-- Dumping data for table `sticker_indexes`
--

INSERT INTO `sticker_indexes` (`id`, `sticker_index`, `name`) VALUES
(1, 62, 'Team LDLC.com (Holo)'),
(2, 80, 'Vox Eminor (Holo)'),
(3, 2219, 's1mple (Gold)'),
(4, 2893, 'balblna (Gold)'),
(5, 2737, 's1mple (Gold)'),
(6, 64, 'LGB eSports (Holo)'),
(7, 2339, 'suNny (Gold)'),
(8, 61, 'Team LDLC.com'),
(9, 8124, 'donk (Gold)'),
(10, 59, 'iBUYPOWER'),
(11, 2303, 'keev (Gold)'),
(12, 2818, 'EliGE (Gold)'),
(13, 2315, 'autimatic (Gold)'),
(14, 1983, 'RUBINO (Foil)'),
(15, 2951, 'LoveYY (Gold)'),
(16, 2731, 'electronic (Gold)'),
(17, 2333, 'innocent (Gold)'),
(18, 102, 'King on the Field'),
(19, 72, 'Ninjas in Pyjamas (Holo)'),
(20, 103, 'Howling Dawn'),
(21, 2575, 'mou (Gold)'),
(22, 65, 'mousesports'),
(23, 78, 'Virtus.Pro (Holo)'),
(24, 56, 'Fnatic (Holo)'),
(25, 118, 'Winged Defuser'),
(26, 351, 'Vox Eminor (Holo)'),
(27, 63, 'LGB eSports'),
(28, 1796, 'Team Liquid (Foil)'),
(29, 52, 'Team Dignitas'),
(30, 3274, 'Xyp9x (Gold)'),
(31, 2336, 'kRYSTAL (Gold)'),
(32, 3310, 'pashaBiceps (Gold)'),
(33, 2204, 'fer (Gold)'),
(34, 1401, 'daps (Foil)'),
(35, 3292, 'MSL (Gold)'),
(36, 288, '3DMAX (Foil)'),
(37, 789, 'NiKo (Foil)'),
(38, 2797, 'keshandr (Gold)'),
(39, 2650, 'TACO (Gold)'),
(40, 73, 'Reason Gaming'),
(41, 2312, 'tabseN (Gold)'),
(42, 2168, 'NEO (Gold)'),
(43, 51, 'compLexity Gaming (Holo)'),
(44, 2866, 'RpK (Gold)'),
(45, 79, 'Vox Eminor'),
(46, 3253, 'tabseN (Gold)'),
(47, 3244, 'MAJ3R (Gold)'),
(48, 2255, 'allu (Gold)'),
(49, 3289, 'nitr0 (Gold)'),
(50, 1974, 'cajunb (Foil)'),
(51, 2240, 'aizy (Gold)'),
(52, 2192, 'olofmeister (Gold)'),
(53, 48, '3DMAX'),
(54, 323, 'Natus Vincere (Holo)'),
(55, 3307, 'byali (Gold)'),
(56, 845, 'Hiko'),
(57, 211, 'Ninjas in Pyjamas (Holo)'),
(58, 143, 'iBUYPOWER (Holo)'),
(59, 2566, 'Dosia (Gold)'),
(60, 145, 'London Conspiracy (Holo)'),
(61, 319, 'LGB eSports (Holo)'),
(62, 2150, 'device (Gold)'),
(63, 2183, 'flusha (Gold)'),
(64, 2572, 'Hobbit (Gold)'),
(65, 1875, 'electronic (Foil)'),
(66, 352, 'Vox Eminor (Foil)'),
(67, 3202, 'mir (Gold)'),
(68, 2159, 'Kjaerbye (Gold)'),
(69, 1572, 'ScreaM (Foil)'),
(70, 3282, 'Twistzz (Foil)'),
(71, 287, '3DMAX (Holo)'),
(72, 311, 'HellRaisers (Holo)'),
(73, 343, 'Titan (Holo)'),
(74, 2937, 'Flash Gaming (Foil)'),
(75, 2755, 'suNny (Gold)'),
(76, 1854, 'apEX (Foil)'),
(77, 1911, 'karrigan (Foil)'),
(78, 822, 'aizy (Foil)'),
(79, 779, 'denis'),
(80, 2913, 'captainMo (Foil)'),
(81, 57, 'HellRaisers'),
(82, 1845, 'NAF (Foil)'),
(83, 1524, 'f0rest (Foil)'),
(84, 315, 'Keyd Stars (Holo)'),
(85, 1323, 'OpTic Gaming (Foil)'),
(86, 1740, 'Astralis (Foil)'),
(87, 1869, 'B1ad3 (Foil)'),
(88, 1425, 'kennyS (Foil)'),
(89, 764, 'coldzera'),
(90, 729, 'WorldEdit (Foil)'),
(91, 3830, 'jks (Gold)'),
(92, 2617, 'Snax (Gold)'),
(93, 2189, 'KRIMZ (Gold)'),
(94, 1557, 's1mple (Foil)'),
(95, 3154, 'oskar (Gold)'),
(96, 1115, 'kennyS (Foil)'),
(97, 1017, 'Counter Logic Gaming (Foil)'),
(98, 858, 'ScreaM (Foil)'),
(99, 2583, 'HEN1 (Foil)'),
(100, 2165, 'byali (Gold)'),
(101, 2366, 'kNgV- (Gold)'),
(102, 1169, 'coldzera (Foil)'),
(103, 3325, 'f0rest (Gold)'),
(104, 2918, 'somebody'),
(105, 131, 'Team Dignitas (Holo)'),
(106, 927, 'Team Liquid (Foil)'),
(107, 1787, 'OpTic Gaming (Holo)'),
(108, 3833, 'AZR (Gold)'),
(109, 1082, 'hazed (Foil)'),
(110, 2052, 'NEO (Foil)'),
(111, 3748, 'DickStacy (Foil)'),
(112, 944, 'Titan'),
(113, 486, 'chrisJ (Foil)'),
(114, 324, 'Natus Vincere (Foil)'),
(115, 1776, 'mousesports (Foil)'),
(116, 55, 'Fnatic'),
(117, 7918, 'Side Eyes (Lenticular)'),
(118, 914, 'Team Dignitas'),
(119, 1920, 'fer (Foil)'),
(120, 3605, 'Jame (Gold)'),
(121, 77, 'Virtus.Pro'),
(122, 2577, 'BIT (Foil)'),
(123, 295, 'Counter Logic Gaming (Holo)'),
(124, 1584, 'device (Foil)');

--
-- Constraints for dumped tables
--

--
-- Constraints for table `indexes_map`
--
ALTER TABLE `indexes_map`
  ADD CONSTRAINT `indexes_map_ibfk_1` FOREIGN KEY (`def_index_id`) REFERENCES `def_indexes` (`id`) ON DELETE RESTRICT ON UPDATE RESTRICT,
  ADD CONSTRAINT `indexes_map_ibfk_2` FOREIGN KEY (`paint_index_id`) REFERENCES `paint_indexes` (`id`) ON DELETE RESTRICT ON UPDATE RESTRICT;
COMMIT;

/*!40101 SET CHARACTER_SET_CLIENT=@OLD_CHARACTER_SET_CLIENT */;
/*!40101 SET CHARACTER_SET_RESULTS=@OLD_CHARACTER_SET_RESULTS */;
/*!40101 SET COLLATION_CONNECTION=@OLD_COLLATION_CONNECTION */;
